"","Label","Type","00- Reference model","01- dockside '15","02- dockside '15 noxvar","03- private boat noxvar","04- no private boat","05- no charter","06- no dockside indices","07- no tag index","08- no nearshore","09- no OCMNS","10- no YOY","11- no data wts","12- Dirichlet","13- McA_I","14- 2015 Ct","15-2015 Ct, ds noxvar","16- Sex = 3"
"1","AIC",NA,NA,NA,NA,NA,NA,NA,NA,NA,NA,NA,NA,NA,NA,NA,NA,NA,NA
"2",NA,"AIC",7686.3,7654.34,7974.02,7683.46,7714.5,7703.84,7726.86,7679.54,7686.84,7684.1,7666.42,38078.2,78823.4,5620.1,7672.18,7982.3,7123.18
"3",NA,"deltaAIC",0,-31.96,287.72,-2.84000000000015,28.1999999999998,17.54,40.5599999999995,-6.76000000000022,0.539999999999964,-2.19999999999982,-19.8800000000001,30391.9,71137.1,-2066.2,-14.1199999999999,296,-563.12
"4","Survey_likelihood",NA,NA,NA,NA,NA,NA,NA,NA,NA,NA,NA,NA,NA,NA,NA,NA,NA,NA
"5",NA,"ALL",-13.5373,-28.6193,33.8628,-15.5632,1.55072,-4.74531,10.348,-13.249,-13.9343,-14.4515,-23.7911,-23.7969,-26.1458,-35.5928,-17.4445,32.0688,-23.2454
"6",NA,"Trawl",0,0,0,0,0,0,0,0,0,0,0,0,0,0,0,0,0
"7",NA,"NonTRWL",0,0,0,0,0,0,0,0,0,0,0,0,0,0,0,0,0
"8",NA,"Recreational",0,0,0,0,0,0,0,0,0,0,0,0,0,0,0,0,0
"9",NA,"Tagging",2.64678,2.55137,5.42211,1.14929,4.32139,1.13841,3.53208,5.51096,1.12319,1.48142,1.25135,0.742244,-0.250506,-2.30876,-0.914112,5.21354,-1.60309
"10",NA,"Nearshore_survey",-1.66355,-1.70754,-1.72813,-1.69751,-1.72684,-1.6971,-1.72786,-1.73696,-1.69405,-1.7088,-1.70255,-1.72009,-1.63276,-1.73386,-1.6638,-1.70024,-1.63568
"11",NA,"OCNMS",-0.346485,-0.264355,-0.309068,-0.361187,0.40827,-0.352786,-0.0804971,-0.0273188,-0.372267,-0.277458,-0.324704,-0.705163,-0.875664,-0.283737,-0.656317,-0.492339,-0.744006
"12",NA,"OCNMS_YOY",8.47686,8.51623,8.47653,8.48788,8.58179,8.49245,8.62424,8.63599,8.48319,8.52519,8.54918,8.42611,8.40293,8.52987,8.45684,8.48822,8.34538
"13",NA,"Private_Boat",-12.2921,NA,NA,-12.7739,-7.88974,-12.3263,-8.04952,-9.66303,-12.801,-12.3908,-12.6521,-17.6824,-18.942,-26.1344,-12.7945,NA,-17.3413
"14",NA,"Charter",-10.3588,NA,NA,-10.3678,-10.0339,-10.0141,-9.70867,-10.4577,-10.3674,-10.3585,-10.3632,-12.8576,-12.8478,-13.6619,-9.87266,NA,-10.2668
"15",NA,"Dockside",NA,-37.7151,22.0013,NA,NA,NA,NA,NA,NA,NA,NA,NA,NA,NA,NA,20.5596,NA
"16","Survey_lambda",NA,NA,NA,NA,NA,NA,NA,NA,NA,NA,NA,NA,NA,NA,NA,NA,NA,NA
"17",NA,"ALL",NA,NA,NA,NA,NA,NA,NA,NA,NA,NA,NA,NA,NA,NA,NA,NA,NA
"18",NA,"Trawl",35,35,35,35,35,35,35,35,35,35,35,35,35,35,35,35,0
"19",NA,"NonTRWL",29,29,29,29,29,29,29,29,29,29,29,29,29,29,29,29,0
"20",NA,"Recreational",112,112,112,112,112,112,112,112,112,112,112,112,112,112,112,112,0
"21",NA,"Tagging",0,0,0,0,0,0,0,0,0,0,0,0,0,0,0,0,0
"22",NA,"Nearshore_survey",0,0,0,0,0,0,0,0,0,0,0,0,0,0,0,0,0
"23",NA,"OCNMS",0,0,0,0,0,0,0,0,0,0,0,0,0,0,0,0,0
"24",NA,"OCNMS_YOY",0,0,0,0,0,0,0,0,0,0,0,0,0,0,0,0,0
"25",NA,"Private_Boat",0,NA,NA,0,0,0,0,0,0,0,0,0,0,0,0,NA,0
"26",NA,"Charter",0,NA,NA,0,0,0,0,0,0,0,0,0,0,0,0,NA,0
"27",NA,"Dockside",NA,0,0,NA,NA,NA,NA,NA,NA,NA,NA,NA,NA,NA,NA,0,NA
"28","Lt_likelihood",NA,NA,NA,NA,NA,NA,NA,NA,NA,NA,NA,NA,NA,NA,NA,NA,NA,NA
"29",NA,"ALL",651.478,647.395,655.887,648.619,650.652,648.862,647.39,646.543,648.728,647.905,648.428,2097.13,3880.79,433.853,649.455,658.086,488.208
"30",NA,"Trawl",134.653,135.335,139.22,134.641,133.068,134.786,132.999,134.188,134.654,134.595,134.624,194.658,579.365,67.8103,134.234,139.204,74.3075
"31",NA,"NonTRWL",56.1635,56.5948,63.1703,56.1595,55.5138,55.8847,55.2002,56.1326,56.1622,56.1452,56.1524,191.321,546.245,45.408,55.2828,63.2592,35.5963
"32",NA,"Recreational",329.717,328.116,324.114,330.198,329.942,330.615,330.496,327.781,330.266,329.725,330.089,372.544,1944.98,240.878,331.769,326.641,249.412
"33",NA,"Tagging",19.3462,18.7206,19.9801,18.9534,18.5045,18.8918,18.5761,18.3839,18.9608,18.8719,18.9274,23.9492,209.219,18.8991,19.4168,20.5588,19.7279
"34",NA,"Nearshore_survey",5.47608,2.65801,2.82714,2.65331,2.62135,2.64805,2.60632,2.61898,2.65301,2.64978,2.65445,29.9832,42.6618,29.246,2.6937,2.86121,2.54775
"35",NA,"OCNMS",106.122,105.971,106.576,106.014,111.001,106.037,107.513,107.438,106.032,105.918,105.98,1284.67,558.318,31.6109,106.059,105.561,106.617
"36",NA,"OCNMS_YOY",0,0,0,0,0,0,0,0,0,0,0,0,0,0,0,0,0
"37",NA,"Private_Boat",0,NA,NA,0,0,0,0,0,0,0,0,0,0,0,0,NA,0
"38",NA,"Charter",0,NA,NA,0,0,0,0,0,0,0,0,0,0,0,0,NA,0
"39",NA,"Dockside",NA,0,0,NA,NA,NA,NA,NA,NA,NA,NA,NA,NA,NA,NA,0,NA
"40","Lt_lambda",NA,NA,NA,NA,NA,NA,NA,NA,NA,NA,NA,NA,NA,NA,NA,NA,NA,NA
"41",NA,"ALL",NA,NA,NA,NA,NA,NA,NA,NA,NA,NA,NA,NA,NA,NA,NA,NA,NA
"42",NA,"Trawl",1,1,1,1,1,1,1,1,1,1,1,1,1,1,1,1,1
"43",NA,"NonTRWL",1,1,1,1,1,1,1,1,1,1,1,1,1,1,1,1,1
"44",NA,"Recreational",1,1,1,1,1,1,1,1,1,1,1,1,1,1,1,1,1
"45",NA,"Tagging",1,1,1,1,1,1,1,1,1,1,1,1,1,1,1,1,1
"46",NA,"Nearshore_survey",1,1,1,1,1,1,1,1,1,1,1,1,1,1,1,1,1
"47",NA,"OCNMS",1,1,1,1,1,1,1,1,1,1,1,1,1,1,1,1,1
"48",NA,"OCNMS_YOY",0,0,0,0,0,0,0,0,0,0,0,0,0,0,0,0,0
"49",NA,"Private_Boat",0,NA,NA,0,0,0,0,0,0,0,0,0,0,0,0,NA,0
"50",NA,"Charter",0,NA,NA,0,0,0,0,0,0,0,0,0,0,0,0,NA,0
"51",NA,"Dockside",NA,0,0,NA,NA,NA,NA,NA,NA,NA,NA,NA,NA,NA,NA,0,NA
"52","Age_likelihood",NA,NA,NA,NA,NA,NA,NA,NA,NA,NA,NA,NA,NA,NA,NA,NA,NA,NA
"53",NA,"ALL",3093,3094.06,3176.97,3093.04,3091.53,3092.38,3091.65,3092.16,3092.99,3093.23,3093.02,16487.6,35015.3,2303.33,3090.1,3185.37,2983.8
"54",NA,"Trawl",263.936,262.651,246.68,263.973,265.07,265.081,266.157,263.202,263.996,263.827,263.948,2396.36,4458.18,633.953,258.889,241.058,260.193
"55",NA,"NonTRWL",957.605,958.646,1009.29,957.75,956.921,956.164,956.013,958.552,957.725,957.82,957.773,1878.6,3713.91,532.958,957.107,1009.82,926.931
"56",NA,"Recreational",1871.46,1872.76,1921,1871.32,1869.54,1871.14,1869.48,1870.4,1871.27,1871.58,1871.3,12212.6,26843.2,1136.42,1874.11,1934.49,1796.68
"57",NA,"Tagging",0,0,0,0,0,0,0,0,0,0,0,0,0,0,0,0,0
"58",NA,"Nearshore_survey",0,0,0,0,0,0,0,0,0,0,0,0,0,0,0,0,0
"59",NA,"OCNMS",0,0,0,0,0,0,0,0,0,0,0,0,0,0,0,0,0
"60",NA,"OCNMS_YOY",0,0,0,0,0,0,0,0,0,0,0,0,0,0,0,0,0
"61",NA,"Private_Boat",0,NA,NA,0,0,0,0,0,0,0,0,0,0,0,0,NA,0
"62",NA,"Charter",0,NA,NA,0,0,0,0,0,0,0,0,0,0,0,0,NA,0
"63",NA,"Dockside",NA,0,0,NA,NA,NA,NA,NA,NA,NA,NA,NA,NA,NA,NA,0,NA
"64","Age_lambda",NA,NA,NA,NA,NA,NA,NA,NA,NA,NA,NA,NA,NA,NA,NA,NA,NA,NA
"65",NA,"ALL",NA,NA,NA,NA,NA,NA,NA,NA,NA,NA,NA,NA,NA,NA,NA,NA,NA
"66",NA,"Trawl",1,1,1,1,1,1,1,1,1,1,1,1,1,1,1,1,1
"67",NA,"NonTRWL",1,1,1,1,1,1,1,1,1,1,1,1,1,1,1,1,1
"68",NA,"Recreational",1,1,1,1,1,1,1,1,1,1,1,1,1,1,1,1,1
"69",NA,"Tagging",0,0,0,0,0,0,0,0,0,0,0,0,0,0,0,0,0
"70",NA,"Nearshore_survey",0,0,0,0,0,0,0,0,0,0,0,0,0,0,0,0,0
"71",NA,"OCNMS",0,0,0,0,0,0,0,0,0,0,0,0,0,0,0,0,0
"72",NA,"OCNMS_YOY",0,0,0,0,0,0,0,0,0,0,0,0,0,0,0,0,0
"73",NA,"Private_Boat",0,NA,NA,0,0,0,0,0,0,0,0,0,0,0,0,NA,0
"74",NA,"Charter",0,NA,NA,0,0,0,0,0,0,0,0,0,0,0,0,NA,0
"75",NA,"Dockside",NA,0,0,NA,NA,NA,NA,NA,NA,NA,NA,NA,NA,NA,NA,0,NA
"76","Parameters",NA,NA,NA,NA,NA,NA,NA,NA,NA,NA,NA,NA,NA,NA,NA,NA,NA,NA
"77",NA,"NatM_uniform_Fem_GP_1",0.17,0.17,0.17,0.17,0.17,0.17,0.17,0.17,0.17,0.17,0.17,0.17,0.17,0.17,0.17,0.17,0.17
"78",NA,"L_at_Amin_Fem_GP_1",0,0,0,0,0,0,0,0,0,0,0,0,0,0,0,0,0
"79",NA,"L_at_Amax_Fem_GP_1",52.7284,52.7309,52.7698,52.7278,52.7153,52.7277,52.7209,52.7255,52.7278,52.7261,52.7272,56.3626,56.4092,52.2304,52.7447,52.7964,52.6134
"80",NA,"VonBert_K_Fem_GP_1",0.117739,0.117789,0.118325,0.117758,0.11769,0.117721,0.11767,0.117766,0.117756,0.117767,0.117761,0.103363,0.103144,0.121736,0.11778,0.118377,0.118893
"81",NA,"CV_young_Fem_GP_1",0.1,0.1,0.1,0.1,0.1,0.1,0.1,0.1,0.1,0.1,0.1,0.1,0.1,0.1,0.1,0.1,0.1
"82",NA,"CV_old_Fem_GP_1",0.1,0.1,0.1,0.1,0.1,0.1,0.1,0.1,0.1,0.1,0.1,0.1,0.1,0.1,0.1,0.1,0.1
"83",NA,"Wtlen_1_Fem_GP_1",5.24556e-05,5.24556e-05,5.24556e-05,5.24556e-05,5.24556e-05,5.24556e-05,5.24556e-05,5.24556e-05,5.24556e-05,5.24556e-05,5.24556e-05,5.24556e-05,5.24556e-05,5.24556e-05,5.24556e-05,5.24556e-05,5.24556e-05
"84",NA,"Wtlen_2_Fem_GP_1",2.72122,2.72122,2.72122,2.72122,2.72122,2.72122,2.72122,2.72122,2.72122,2.72122,2.72122,2.72122,2.72122,2.72122,2.72122,2.72122,2.72122
"85",NA,"Mat50%_Fem_GP_1",40.36,40.36,40.36,40.36,40.36,40.36,40.36,40.36,40.36,40.36,40.36,40.36,40.36,40.36,40.36,40.36,40.36
"86",NA,"Mat_slope_Fem_GP_1",-0.380418,-0.380418,-0.380418,-0.380418,-0.380418,-0.380418,-0.380418,-0.380418,-0.380418,-0.380418,-0.380418,-0.380418,-0.380418,-0.380418,-0.380418,-0.380418,-0.380418
"87",NA,"Eggs_scalar_Fem_GP_1",1.41e-08,1.41e-08,1.41e-08,1.41e-08,1.41e-08,1.41e-08,1.41e-08,1.41e-08,1.41e-08,1.41e-08,1.41e-08,1.41e-08,1.41e-08,1.41e-08,1.41e-08,1.41e-08,1.41e-08
"88",NA,"Eggs_exp_len_Fem_GP_1",4.685,4.685,4.685,4.685,4.685,4.685,4.685,4.685,4.685,4.685,4.685,4.685,4.685,4.685,4.685,4.685,4.685
"89",NA,"NatM_uniform_Mal_GP_1",0.152,0.152,0.152,0.152,0.152,0.152,0.152,0.152,0.152,0.152,0.152,0.152,0.152,0.152,0.152,0.152,0.152
"90",NA,"L_at_Amin_Mal_GP_1",3.66175,3.66175,3.66175,3.66175,3.66175,3.66175,3.66175,3.66175,3.66175,3.66175,3.66175,3.66175,3.66175,3.66175,3.66175,3.66175,3.66175
"91",NA,"L_at_Amax_Mal_GP_1",47.6527,47.6558,47.7186,47.6532,47.639,47.6523,47.633,47.638,47.6531,47.6512,47.6524,48.8717,48.8992,47.5427,47.6393,47.707,47.0242
"92",NA,"VonBert_K_Mal_GP_1",0.140352,0.140416,0.140811,0.140367,0.140382,0.140327,0.140461,0.140574,0.140363,0.140394,0.140377,0.133339,0.133056,0.141857,0.140551,0.141112,0.140538
"93",NA,"CV_young_Mal_GP_1",0.1,0.1,0.1,0.1,0.1,0.1,0.1,0.1,0.1,0.1,0.1,0.1,0.1,0.1,0.1,0.1,0.1
"94",NA,"CV_old_Mal_GP_1",0.1,0.1,0.1,0.1,0.1,0.1,0.1,0.1,0.1,0.1,0.1,0.1,0.1,0.1,0.1,0.1,0.1
"95",NA,"Wtlen_1_Mal_GP_1",2.47904e-05,2.47904e-05,2.47904e-05,2.47904e-05,2.47904e-05,2.47904e-05,2.47904e-05,2.47904e-05,2.47904e-05,2.47904e-05,2.47904e-05,2.47904e-05,2.47904e-05,2.47904e-05,2.47904e-05,2.47904e-05,2.47904e-05
"96",NA,"Wtlen_2_Mal_GP_1",2.91062,2.91062,2.91062,2.91062,2.91062,2.91062,2.91062,2.91062,2.91062,2.91062,2.91062,2.91062,2.91062,2.91062,2.91062,2.91062,2.91062
"97",NA,"CohortGrowDev",1,1,1,1,1,1,1,1,1,1,1,1,1,1,1,1,1
"98",NA,"FracFemale_GP_1",0.5,0.5,0.5,0.5,0.5,0.5,0.5,0.5,0.5,0.5,0.5,0.5,0.5,0.5,0.5,0.5,0.5
"99",NA,"SR_LN(R0)",7.58041,7.5711,7.57172,7.5884,7.53381,7.58783,7.54362,7.53278,7.58934,7.57926,7.58539,7.54278,7.56755,7.58224,7.75844,7.73557,7.64778
"100",NA,"SR_BH_steep",0.72,0.72,0.72,0.72,0.72,0.72,0.72,0.72,0.72,0.72,0.72,0.72,0.72,0.72,0.72,0.72,0.72
"101",NA,"SR_sigmaR",0.6,0.6,0.6,0.6,0.6,0.6,0.6,0.6,0.6,0.6,0.6,0.6,0.6,0.6,0.6,0.6,0.6
"102",NA,"SR_regime",0,0,0,0,0,0,0,0,0,0,0,0,0,0,0,0,0
"103",NA,"SR_autocorr",0,0,0,0,0,0,0,0,0,0,0,0,0,0,0,0,0
"104",NA,"Main_RecrDev_1956",-0.536315,-0.538274,-0.744897,-0.54667,-0.47198,-0.534582,-0.479022,-0.494215,-0.5479,-0.538228,-0.541661,-1.55309,-1.59007,-1.01285,-0.207809,-0.338539,-0.608769
"105",NA,"Main_RecrDev_1957",-0.551425,-0.553183,-0.742703,-0.561526,-0.487625,-0.54957,-0.50053,-0.508659,-0.562637,-0.553003,-0.556734,-1.46094,-1.5154,-1.01767,-0.245715,-0.376413,-0.623321
"106",NA,"Main_RecrDev_1958",-0.54804,-0.549599,-0.744964,-0.557867,-0.484775,-0.546038,-0.49616,-0.504567,-0.558068,-0.549261,-0.553309,-1.30729,-1.37846,-0.999693,-0.266671,-0.391275,-0.622429
"107",NA,"Main_RecrDev_1959",-0.518203,-0.519559,-0.716427,-0.527787,-0.454982,-0.516004,-0.461911,-0.473551,-0.528447,-0.51902,-0.523466,-1.13141,-1.17157,-0.954272,-0.260244,-0.385198,-0.597757
"108",NA,"Main_RecrDev_1960",-0.457396,-0.458518,-0.672922,-0.466813,-0.393261,-0.454931,-0.390306,-0.410607,-0.465146,-0.457724,-0.462727,-0.89185,-0.912689,-0.878485,-0.221075,-0.344269,-0.547715
"109",NA,"Main_RecrDev_1961",-0.36713,-0.367917,-0.558926,-0.376498,-0.300603,-0.364341,-0.302115,-0.31664,-0.377856,-0.366828,-0.372645,-0.632663,-0.661437,-0.765445,-0.149467,-0.273326,-0.467248
"110",NA,"Main_RecrDev_1962",-0.266772,-0.267041,-0.471394,-0.276208,-0.19654,-0.263723,-0.192515,-0.211079,-0.279948,-0.265716,-0.27258,-0.428229,-0.4471,-0.605507,-0.0671015,-0.202518,-0.387682
"111",NA,"Main_RecrDev_1963",-0.216925,-0.216645,-0.399589,-0.22634,-0.145057,-0.214014,-0.140285,-0.158277,-0.22632,-0.215395,-0.22287,0.0383699,0.023972,-0.447571,-0.0427894,-0.179016,-0.350792
"112",NA,"Main_RecrDev_1964",-0.269236,-0.268951,-0.466081,-0.278303,-0.20165,-0.266897,-0.205826,-0.214847,-0.277102,-0.268066,-0.274851,-0.520835,-0.557314,-0.46918,-0.126782,-0.250333,-0.393733
"113",NA,"Main_RecrDev_1965",-0.32989,-0.329931,-0.537442,-0.338637,-0.266288,-0.327849,-0.266858,-0.280024,-0.340655,-0.329161,-0.335178,-0.478208,-0.543213,-0.552026,-0.213751,-0.335214,-0.445716
"114",NA,"Main_RecrDev_1966",-0.304847,-0.305268,-0.455264,-0.313404,-0.243178,-0.302794,-0.244278,-0.257469,-0.314535,-0.304346,-0.309966,-0.455085,-0.46241,-0.485252,-0.211307,-0.340142,-0.421474
"115",NA,"Main_RecrDev_1967",-0.098775,-0.0994101,-0.31589,-0.107439,-0.0342489,-0.0962281,-0.0413946,-0.0487277,-0.11031,-0.0979087,-0.104117,-0.27726,-0.317443,-0.0872243,-0.0282062,-0.175131,-0.239684
"116",NA,"Main_RecrDev_1968",0.159552,0.160694,-0.0637916,0.150351,0.237947,0.162479,0.249303,0.227621,0.15045,0.162659,0.153289,0.493638,0.472908,0.10247,0.182733,0.020788,-0.0300091
"117",NA,"Main_RecrDev_1969",-0.134401,-0.13443,-0.263734,-0.142443,-0.0766137,-0.133665,-0.0849384,-0.0902776,-0.143139,-0.133957,-0.139177,-0.908563,-0.939687,-0.545087,-0.116326,-0.248658,-0.271227
"118",NA,"Main_RecrDev_1970",-0.163498,-0.163597,-0.360878,-0.171539,-0.104118,-0.162907,-0.105815,-0.117823,-0.174107,-0.162865,-0.168376,-0.602547,-0.65131,-0.472842,-0.167507,-0.305114,-0.302511
"119",NA,"Main_RecrDev_1971",0.0243885,0.0261446,-0.147201,0.0160013,0.0934027,0.0237583,0.0922681,0.0833417,0.0154802,0.0266901,0.018794,0.284618,0.263341,-0.111398,-0.0237168,-0.161117,-0.14304
"120",NA,"Main_RecrDev_1972",-0.0677373,-0.0663453,-0.171421,-0.0753312,-0.0143746,-0.0707182,-0.0160876,-0.0262028,-0.0748555,-0.0674142,-0.0722852,-0.940263,-0.951078,-0.312112,-0.105795,-0.207597,-0.186822
"121",NA,"Main_RecrDev_1973",0.321545,0.322518,0.165137,0.313632,0.383904,0.319378,0.376445,0.371738,0.310987,0.322859,0.316426,0.441221,0.412223,0.256211,0.254177,0.12412,0.182763
"122",NA,"Main_RecrDev_1974",0.394005,0.401998,0.411993,0.386397,0.448156,0.381796,0.437832,0.44628,0.386746,0.395885,0.388989,0.44034,0.418417,0.496694,0.303414,0.327483,0.272955
"123",NA,"Main_RecrDev_1975",-0.239697,-0.2347,-0.189121,-0.246722,-0.197088,-0.250732,-0.212413,-0.204495,-0.249096,-0.240019,-0.243773,-0.17558,-0.204529,-0.216704,-0.29379,-0.249077,-0.330778
"124",NA,"Main_RecrDev_1976",0.0395438,0.0497119,0.201121,0.0322275,0.0891992,0.0213976,0.0712615,0.0907128,0.0318587,0.0413994,0.0347145,0.27207,0.250898,0.416212,-0.0552446,0.106163,-0.0723393
"125",NA,"Main_RecrDev_1977",-0.0723149,-0.0637179,0.139058,-0.0792281,-0.030984,-0.0907851,-0.0530045,-0.0319294,-0.0801766,-0.0718476,-0.0765472,-0.140393,-0.165997,-0.310073,-0.144096,0.0667222,-0.167735
"126",NA,"Main_RecrDev_1978",0.379581,0.391627,0.720168,0.372603,0.42027,0.356291,0.398347,0.42564,0.371594,0.3808,0.37502,0.477242,0.458585,0.538224,0.286739,0.621736,0.299279
"127",NA,"Main_RecrDev_1979",0.0782303,0.0922756,0.457271,0.0715979,0.111991,0.0541517,0.0839614,0.120697,0.0711001,0.0791007,0.0740588,0.247163,0.224708,0.254198,-0.0126705,0.375918,0.0237838
"128",NA,"Main_RecrDev_1980",-0.0990155,-0.0833546,0.250047,-0.105645,-0.0676839,-0.122623,-0.0910314,-0.0569055,-0.106702,-0.0982835,-0.103258,-0.0686707,-0.0889403,-0.086744,-0.196434,0.183054,-0.10607
"129",NA,"Main_RecrDev_1981",-0.0246994,-0.00473495,0.268682,-0.0310992,0.00157942,-0.0465553,-0.0214938,0.0186215,-0.0318148,-0.0237475,-0.0288172,0.151498,0.133233,0.0843841,-0.13457,0.226128,-0.0368792
"130",NA,"Main_RecrDev_1982",-0.251866,-0.230911,-0.0276338,-0.257971,-0.230527,-0.270458,-0.251799,-0.212334,-0.258565,-0.251401,-0.255683,0.0945303,0.0774953,-0.0917463,-0.357546,-0.0499779,-0.320252
"131",NA,"Main_RecrDev_1983",0.286709,0.312608,0.464875,0.280912,0.302562,0.270641,0.285346,0.3292,0.280059,0.287631,0.282943,0.368239,0.351794,0.406971,0.160822,0.430218,0.326091
"132",NA,"Main_RecrDev_1984",-0.0753059,-0.0489926,0.0366542,-0.0808254,-0.0648916,-0.0872682,-0.0776619,-0.0354618,-0.0813217,-0.0748448,-0.0787615,0.133361,0.114845,0.0333034,-0.198539,-0.0196791,-0.117196
"133",NA,"Main_RecrDev_1985",0.163331,0.190345,0.297041,0.15797,0.171736,0.152353,0.15986,0.205596,0.157215,0.163947,0.159831,0.206896,0.19498,0.235295,0.0317165,0.214721,0.215845
"134",NA,"Main_RecrDev_1986",-0.161471,-0.135145,-0.0230548,-0.166684,-0.15676,-0.170892,-0.166994,-0.120841,-0.167217,-0.161349,-0.164849,0.0016407,-0.0151915,-0.0936849,-0.288091,-0.111307,-0.142718
"135",NA,"Main_RecrDev_1987",0.134824,0.162118,0.323356,0.129812,0.134982,0.127654,0.128275,0.176502,0.1292,0.134887,0.131406,0.156637,0.145518,0.192726,-0.00223779,0.207403,0.141721
"136",NA,"Main_RecrDev_1988",-0.21144,-0.185158,-0.0062249,-0.216129,-0.215949,-0.215697,-0.221645,-0.172783,-0.216565,-0.211847,-0.214595,0.0272614,0.0157919,-0.112797,-0.340418,-0.121371,-0.188703
"137",NA,"Main_RecrDev_1989",0.302424,0.328947,0.497373,0.298077,0.29388,0.300513,0.294295,0.34186,0.297527,0.302139,0.299358,0.331689,0.322871,0.376307,0.182346,0.38654,0.326194
"138",NA,"Main_RecrDev_1990",0.126769,0.149878,0.247432,0.123015,0.115882,0.126697,0.116132,0.162336,0.122702,0.126606,0.124226,0.189941,0.179986,0.214086,0.0298117,0.163185,0.145898
"139",NA,"Main_RecrDev_1991",-0.0874422,-0.0675699,-0.00923786,-0.0904303,-0.0999435,-0.0862862,-0.0962791,-0.0577498,-0.0911085,-0.0872648,-0.0893412,-0.0300738,-0.0371169,0.00156016,-0.177805,-0.0941813,-0.0809168
"140",NA,"Main_RecrDev_1992",-0.19516,-0.177574,-0.14102,-0.197262,-0.207952,-0.193133,-0.206107,-0.173294,-0.197365,-0.194488,-0.196277,-0.233884,-0.238181,-0.0943615,-0.283925,-0.213733,-0.155771
"141",NA,"Main_RecrDev_1993",-0.0684469,-0.0533054,-0.00447846,-0.0697357,-0.0801308,-0.0653804,-0.0762594,-0.0560247,-0.0702214,-0.0671871,-0.0688271,-0.114241,-0.121593,0.0112974,-0.160097,-0.0875624,-0.0599973
"142",NA,"Main_RecrDev_1994",0.268416,0.280402,0.338096,0.267741,0.257702,0.272195,0.261182,0.266096,0.267416,0.270118,0.268544,0.200559,0.199432,0.364712,0.185892,0.253594,0.290377
"143",NA,"Main_RecrDev_1995",0.214356,0.219828,0.295273,0.213531,0.2051,0.218397,0.210597,0.194168,0.21334,0.215744,0.214262,0.159466,0.156056,0.303695,0.127997,0.200395,0.233025
"144",NA,"Main_RecrDev_1996",-0.238218,-0.237717,-0.148118,-0.239698,-0.247416,-0.235476,-0.24507,-0.267694,-0.240296,-0.237837,-0.2389,-0.300517,-0.297248,-0.156052,-0.31859,-0.244028,-0.234118
"145",NA,"Main_RecrDev_1997",0.0832684,0.0798998,0.17844,0.0817706,0.071148,0.0850495,0.075713,0.048107,0.081794,0.0833637,0.082298,0.0758432,0.0767069,0.170797,-0.00346671,0.0738139,0.12195
"146",NA,"Main_RecrDev_1998",0.099343,0.0912133,0.141092,0.098411,0.084649,0.100621,0.08931,0.0598332,0.0979499,0.0995046,0.0988491,0.112148,0.117226,0.172655,0.0159493,0.0318849,0.114157
"147",NA,"Main_RecrDev_1999",0.264706,0.253222,0.25021,0.264566,0.246607,0.265919,0.250422,0.221551,0.264577,0.264996,0.264791,0.290279,0.296325,0.352117,0.194757,0.147034,0.316729
"148",NA,"Main_RecrDev_2000",0.471466,0.456424,0.41716,0.472768,0.449032,0.473094,0.455236,0.424379,0.472533,0.472487,0.472659,0.532599,0.543776,0.571438,0.404311,0.304112,0.517583
"149",NA,"Main_RecrDev_2001",-0.324113,-0.341487,-0.38809,-0.320766,-0.348104,-0.321242,-0.343134,-0.369733,-0.320606,-0.322002,-0.320933,-0.260554,-0.249525,-0.217805,-0.376055,-0.494126,-0.271468
"150",NA,"Main_RecrDev_2002",-0.4781,-0.49591,-0.550033,-0.473535,-0.505878,-0.474433,-0.499459,-0.52667,-0.473651,-0.475573,-0.473928,-0.413221,-0.397646,-0.370179,-0.524968,-0.650558,-0.413943
"151",NA,"Main_RecrDev_2003",0.194557,0.174954,0.0892098,0.20298,0.16262,0.201203,0.17052,0.144593,0.203175,0.199861,0.202003,0.332293,0.355362,0.312006,0.149728,-0.0244383,0.243526
"152",NA,"Main_RecrDev_2004",0.106501,0.087905,-0.0614199,0.119639,0.0731695,0.116916,0.0844194,0.0603634,0.119732,0.115228,0.118349,0.247816,0.269241,0.257009,0.0778818,-0.166263,0.19362
"153",NA,"Main_RecrDev_2005",0.0263653,0.00937509,-0.149828,0.0418346,-0.00951194,0.0388052,0.00233672,-0.0184311,0.0422645,0.0363248,0.0403032,0.212989,0.241274,0.163478,0.00855485,-0.247778,0.0593047
"154",NA,"Main_RecrDev_2006",0.4871,0.471876,0.393656,0.506964,0.441612,0.502718,0.456727,0.438885,0.507318,0.499418,0.504634,0.705742,0.739952,0.661488,0.480158,0.290998,0.560018
"155",NA,"Main_RecrDev_2007",0.498072,0.484812,0.495401,0.52092,0.443719,0.515992,0.46283,0.446076,0.521612,0.511327,0.518111,0.756633,0.792109,0.672936,0.509082,0.401532,0.621448
"156",NA,"Main_RecrDev_2008",0.632684,0.621521,0.66511,0.658024,0.567987,0.652153,0.589812,0.57484,0.658732,0.646335,0.654532,0.94295,0.984851,0.829649,0.652981,0.590838,0.767899
"157",NA,"Main_RecrDev_2009",0.38413,0.373664,0.414319,0.412926,0.302953,0.405948,0.327901,0.315089,0.414091,0.398108,0.408647,0.716389,0.765414,0.601686,0.424706,0.350158,0.552314
"158",NA,"Main_RecrDev_2010",0.278362,0.267839,0.280705,0.308013,0.189338,0.300976,0.219187,0.202208,0.309172,0.291599,0.303351,0.647916,0.6932,0.485959,0.32803,0.241549,0.431775
"159",NA,"Main_RecrDev_2011",0.804949,0.793222,0.844023,0.837516,0.697286,0.829451,0.731085,0.715371,0.839237,0.817373,0.831827,1.18645,1.23981,1.05579,0.86594,0.796541,1.01822
"160",NA,"Main_RecrDev_2012",0.489785,0.475749,0.529831,0.520423,0.372868,0.512269,0.410414,0.393399,0.522477,0.497971,0.514058,0.877619,0.941287,0.726837,0.557929,0.502558,0.694046
"161",NA,"Main_RecrDev_2013",0.42241,0.403462,0.456282,0.449821,0.294271,0.441694,0.334971,0.317487,0.452649,0.424475,0.444387,0.804235,0.896405,0.661757,0.490017,0.430525,0.646708
"162",NA,"Main_RecrDev_2014",0.153627,0.127001,0.177278,0.172307,0.0171384,0.164342,0.050659,0.0339434,0.175828,0.142581,0.159491,0.491187,0.626043,0.36082,0.215534,0.165214,0.37531
"163",NA,"Main_RecrDev_2015",-0.169052,-0.201853,-0.149239,-0.159336,-0.304446,-0.166525,-0.283984,-0.301072,-0.154465,-0.193713,-0.13945,0.119995,0.322519,-0.0266445,-0.115363,-0.163023,0.0224202
"164",NA,"Main_RecrDev_2016",-0.11658,-0.160628,-0.110646,-0.118501,-0.257805,-0.125149,-0.278746,-0.295511,-0.112826,-0.163326,-0.164915,0.0633052,0.3,-0.0462828,-0.0762291,-0.128088,0.0741938
"165",NA,"Main_RecrDev_2017",-0.64749,-0.699807,-0.654625,-0.662379,-0.78233,-0.667955,-0.823523,-0.84264,-0.655794,-0.707796,-0.691356,-0.507409,-0.703409,-0.805083,-0.60681,-0.655872,-0.450338
"166",NA,"Late_RecrDev_2018",0,0,0,0,0,0,0,0,0,0,0,0,0,0,0,0,0
"167",NA,"Late_RecrDev_2019",0,0,0,0,0,0,0,0,0,0,0,0,0,0,0,0,0
"168",NA,"Late_RecrDev_2020",0,0,0,0,0,0,0,0,0,0,0,0,0,0,0,0,0
"169",NA,"Late_RecrDev_2021",0,0,0,0,0,0,0,0,0,0,0,0,0,0,0,0,0
"170",NA,"Late_RecrDev_2022",0,0,0,0,0,0,0,0,0,0,0,0,0,0,0,0,0
"171",NA,"ForeRecr_2023",0,0,0,0,0,0,0,0,0,0,0,0,0,0,0,0,0
"172",NA,"InitF_seas_1_flt_1Trawl",1e-20,1e-20,1e-20,1e-20,1e-20,1e-20,1e-20,1e-20,1e-20,1e-20,1e-20,1e-20,1e-20,1e-20,1e-20,1e-20,1e-20
"173",NA,"InitF_seas_1_flt_2NonTRWL",1e-20,1e-20,1e-20,1e-20,1e-20,1e-20,1e-20,1e-20,1e-20,1e-20,1e-20,1e-20,1e-20,1e-20,1e-20,1e-20,1e-20
"174",NA,"InitF_seas_1_flt_3Recreational",1e-20,1e-20,1e-20,1e-20,1e-20,1e-20,1e-20,1e-20,1e-20,1e-20,1e-20,1e-20,1e-20,1e-20,1e-20,1e-20,1e-20
"175",NA,"LnQ_base_Tagging(4)",-5.59542,-5.61387,-5.97591,-5.59947,-5.49188,-5.58538,-5.49783,-5.55102,-5.6,-5.59068,-5.59672,-5.63962,-5.66189,-5.82668,-5.66713,-6.07091,-5.54942
"176",NA,"LnQ_base_Nearshore_survey(5)",-6.66945,-6.74063,-6.96466,-6.81631,-6.49136,-6.79777,-6.5536,-6.53594,-6.8153,-6.77636,-6.80453,-7.52703,-7.29422,-7.57464,-7.0507,-7.10319,-7.01394
"177",NA,"Q_extraSD_Nearshore_survey(5)",0.119925,0.115945,0.114093,0.116907,0.114079,0.116948,0.114517,0.11307,0.12012,0.115809,0.116405,0.118561,0.12292,0.114174,0.120227,0.116706,0.123011
"178",NA,"LnQ_base_OCNMS(6)",-7.38641,-7.36765,-7.52124,-7.43092,-7.07096,-7.41621,-7.25161,-7.23536,-7.43405,-7.39664,-7.4206,-7.68517,-7.8239,-7.76228,-7.6286,-7.66329,-7.63246
"179",NA,"LnQ_base_OCNMS_YOY(7)",-6.5593,-6.52989,-6.60358,-6.57505,-6.40486,-6.56774,-6.41916,-6.40113,-6.5788,-6.54274,-6.56175,-6.661,-6.73395,-6.65975,-6.77176,-6.75297,-6.74372
"180",NA,"Q_extraSD_OCNMS_YOY(7)",1.80083,1.81251,1.81414,1.804,1.83233,1.80537,1.84345,1.84842,1.80248,1.81512,1.79671,1.77985,1.77577,1.81522,1.7948,1.80477,1.76253
"181",NA,"LnQ_base_Private_Boat(8)",-6.24349,NA,NA,-6.25294,-6.17544,-6.2407,-6.17856,-6.20967,-6.25327,-6.24652,-6.25092,-6.3424,-6.35982,-6.38825,-6.33121,NA,-6.18485
"182",NA,"Q_extraSD_Private_Boat(8)",0.376871,NA,NA,0.371005,0.398414,0.376226,0.379312,0.410382,0.370657,0.375645,0.372474,0.323011,0.304445,0.239376,0.370339,NA,0.319494
"183",NA,"LnQ_base_Charter(9)",-5.73231,NA,NA,-5.73451,-5.73267,-5.72636,-5.7269,-5.7364,-5.73441,-5.73397,-5.73436,-5.76402,-5.76229,-5.70537,-5.80836,NA,-5.59357
"184",NA,"Q_extraSD_Charter(9)",0.138742,NA,NA,0.138545,0.145666,0.142897,0.141285,0.136832,0.138526,0.138754,0.138643,0.0930918,0.0940591,0.0822835,0.149789,NA,0.139309
"185",NA,"Size_DblN_peak_Trawl(1)",50.0229,50.0206,50.127,50.021,50.0557,50.0056,50.038,50.0437,50.0206,50.0248,50.022,49.7036,49.7041,50.3605,50.1588,50.2026,49.9371
"186",NA,"Size_DblN_top_logit_Trawl(1)",0.809232,0.827191,0.95941,0.805866,0.80469,0.791047,0.787659,0.825756,0.805762,0.809996,0.80675,2.10924,2.10948,1.97928,0.919145,1.31464,1.92108
"187",NA,"Size_DblN_ascend_se_Trawl(1)",3.4629,3.46072,3.4655,3.46285,3.47052,3.46123,3.46916,3.46613,3.46277,3.46331,3.463,3.45317,3.4527,3.4641,3.48553,3.48487,3.41727
"188",NA,"Size_DblN_descend_se_Trawl(1)",2.2,2.2,2.2,2.2,2.2,2.2,2.2,2.2,2.2,2.2,2.2,2.2,2.2,2.2,2.2,2.2,2.2
"189",NA,"Size_DblN_start_logit_Trawl(1)",-5,-5,-5,-5,-5,-5,-5,-5,-5,-5,-5,-5,-5,-5,-5,-5,-5
"190",NA,"Size_DblN_end_logit_Trawl(1)",5,5,5,5,5,5,5,5,5,5,5,5,5,5,5,5,5
"191",NA,"Size_DblN_peak_NonTRWL(2)",48.8261,48.813,48.706,48.825,48.869,48.8163,48.861,48.8351,48.8298,48.8275,48.826,47.8073,47.7676,49.3089,48.7998,48.8145,48.141
"192",NA,"Size_DblN_top_logit_NonTRWL(2)",1.95482,1.9566,-0.887231,-0.745305,-0.834419,-0.644683,-0.872621,-0.814633,-0.742455,-0.803625,-0.801104,-0.923809,2.25238,1.9029,-0.908355,-1.07599,-0.744315
"193",NA,"Size_DblN_ascend_se_NonTRWL(2)",4.30249,4.2997,4.34299,4.30255,4.31157,4.29867,4.30833,4.30402,4.30312,4.30294,4.30271,4.22417,4.21734,4.31249,4.31582,4.36307,4.20442
"194",NA,"Size_DblN_descend_se_NonTRWL(2)",3,3,3,3,3,3,3,3,3,3,3,3,3,3,3,3,3
"195",NA,"Size_DblN_start_logit_NonTRWL(2)",-4,-4,-4,-4,-4,-4,-4,-4,-4,-4,-4,-4,-4,-4,-4,-4,-4
"196",NA,"Size_DblN_end_logit_NonTRWL(2)",5,5,5,5,5,5,5,5,5,5,5,5,5,5,5,5,5
"197",NA,"Size_DblN_peak_Recreational(3)",43.512,43.4824,43.0108,43.5015,43.5932,43.5243,43.6048,43.5398,43.5016,43.5048,43.5033,41.9371,41.9303,43.5062,43.4326,42.9418,43.7249
"198",NA,"Size_DblN_top_logit_Recreational(3)",-2.57276,-2.66946,-8.65082,2.49816,2.49968,2.50432,2.492,2.49946,2.51169,2.4989,2.49883,2.6352,2.63657,2.48839,2.47698,-8.15239,2.03197
"199",NA,"Size_DblN_ascend_se_Recreational(3)",3.65524,3.65543,3.62129,3.65404,3.66161,3.6552,3.66248,3.66094,3.65387,3.65545,3.65466,3.38885,3.38334,3.67516,3.64581,3.61984,3.71452
"200",NA,"Size_DblN_descend_se_Recreational(3)",3,3,3,3,3,3,3,3,3,3,3,3,3,3,3,3,3
"201",NA,"Size_DblN_start_logit_Recreational(3)",-4,-4,-4,-4,-4,-4,-4,-4,-4,-4,-4,-4,-4,-4,-4,-4,-4
"202",NA,"Size_DblN_end_logit_Recreational(3)",5,5,5,5,5,5,5,5,5,5,5,5,5,5,5,5,5
"203",NA,"Size_DblN_peak_Tagging(4)",41.904,41.6665,41.2172,41.6944,41.775,41.7145,41.7806,41.7093,41.6941,41.701,41.6964,41.2798,41.3078,41.5781,41.6427,41.1375,41.8392
"204",NA,"Size_DblN_top_logit_Tagging(4)",-5.33963,-3.75974,-5.01622,-3.68852,-3.77,-3.68724,-3.74195,-3.76169,-3.6865,-3.70781,-3.69428,-3.20071,-3.27382,-3.78545,-3.60988,-4.33575,-3.3307
"205",NA,"Size_DblN_ascend_se_Tagging(4)",3.50492,3.35526,3.34506,3.35119,3.36103,3.35263,3.35959,3.35801,3.35105,3.35301,3.35172,3.28238,3.28763,3.34984,3.34157,3.34417,3.34037
"206",NA,"Size_DblN_descend_se_Tagging(4)",2.2,2.2,2.2,2.2,2.2,2.2,2.2,2.2,2.2,2.2,2.2,2.2,2.2,2.2,2.2,2.2,2.2
"207",NA,"Size_DblN_start_logit_Tagging(4)",-4,-4,-4,-4,-4,-4,-4,-4,-4,-4,-4,-4,-4,-4,-4,-4,-4
"208",NA,"Size_DblN_end_logit_Tagging(4)",5,5,5,5,5,5,5,5,5,5,5,5,5,5,5,5,5
"209",NA,"SizeSel_P1_Nearshore_survey(5)",-1,NA,NA,NA,NA,NA,NA,NA,NA,NA,NA,NA,NA,NA,NA,NA,NA
"210",NA,"SizeSel_P2_Nearshore_survey(5)",-1,NA,NA,NA,NA,NA,NA,NA,NA,NA,NA,NA,NA,NA,NA,NA,NA
"211",NA,"Size_DblN_peak_OCNMS(6)",26.6504,26.6247,28.1444,26.5588,26.8553,26.5848,12.8092,13.0363,26.5607,26.5512,26.5451,25.9633,10.598,25.7471,26.5246,26.3538,26.4958
"212",NA,"Size_DblN_top_logit_OCNMS(6)",1.03612,3.50838,13.2144,3.51597,0.0221818,3.5128,2.61399,2.77585,3.53428,3.40668,3.51517,1.29752,4.83579,1.76501,1.04088,3.5529,3.54038
"213",NA,"Size_DblN_ascend_se_OCNMS(6)",3.58539,3.58539,3.58539,3.58539,3.58539,3.58539,3.58539,3.58539,3.58539,3.58539,3.58539,3.58539,3.58539,3.58539,3.58539,3.58539,3.58539
"214",NA,"Size_DblN_descend_se_OCNMS(6)",1.32143,-4.50032,5.9988,-4.50022,-4.55883,-4.50029,-4.43107,-4.44354,-4.49996,-4.48702,-4.50003,-4.6128,-4.50014,-4.50156,1.2251,-3.44936,-4.49985
"215",NA,"Size_DblN_start_logit_OCNMS(6)",-15,-15,-15,-15,-15,-15,-15,-15,-15,-15,-15,-15,-15,-15,-15,-15,-15
"216",NA,"Size_DblN_end_logit_OCNMS(6)",-15,-15,-15,-15,-15,-15,-15,-15,-15,-15,-15,-15,-15,-15,-15,-15,-15
"217",NA,"SizeSel_P1_Private_Boat(8)",-1,NA,NA,-1,-1,-1,-1,-1,-1,-1,-1,-1,-1,-1,-1,NA,-1
"218",NA,"SizeSel_P2_Private_Boat(8)",-1,NA,NA,-1,-1,-1,-1,-1,-1,-1,-1,-1,-1,-1,-1,NA,-1
"219",NA,"SizeSel_P1_Charter(9)",-1,NA,NA,-1,-1,-1,-1,-1,-1,-1,-1,-1,-1,-1,-1,NA,-1
"220",NA,"SizeSel_P2_Charter(9)",-1,NA,NA,-1,-1,-1,-1,-1,-1,-1,-1,-1,-1,-1,-1,NA,-1
"221",NA,"LnQ_base_Dockside(8)",NA,-5.58943,-5.84578,NA,NA,NA,NA,NA,NA,NA,NA,NA,NA,NA,NA,-5.93982,NA
"222",NA,"Q_extraSD_Dockside(8)",NA,0.171681,0,NA,NA,NA,NA,NA,NA,NA,NA,NA,NA,NA,NA,0,NA
"223",NA,"Size_DblN_peak_Nearshore_survey(5)",NA,42.3455,41.9946,42.3674,42.4614,42.3847,42.4433,42.3869,42.4755,42.3288,42.3588,20.8961,42.4016,19.6016,42.3145,41.9309,43.0234
"224",NA,"Size_DblN_top_logit_Nearshore_survey(5)",NA,-6.19442,-0.720974,-6.21823,-6.11863,-6.2112,-3.59254,-6.12736,-7.1451,-6.20089,-6.2116,-8.42293,2.07208,-8.62197,-6.23665,-6.03518,-6.59235
"225",NA,"Size_DblN_ascend_se_Nearshore_survey(5)",NA,4.17779,4.18787,4.18999,4.15223,4.18841,4.16758,4.16028,4.20472,4.18423,4.1906,-3.99353,4.30612,-3.29287,4.19394,4.1731,4.26746
"226",NA,"Size_DblN_descend_se_Nearshore_survey(5)",NA,2.2,2.2,2.2,2.2,2.2,2.2,2.2,2.2,2.2,2.2,2.2,2.2,2.2,2.2,2.2,2.2
"227",NA,"Size_DblN_start_logit_Nearshore_survey(5)",NA,-4,-4,-4,-4,-4,-4,-4,-4,-4,-4,-4,-4,-4,-4,-4,-4
"228",NA,"Size_DblN_end_logit_Nearshore_survey(5)",NA,5,5,5,5,5,5,5,5,5,5,5,5,5,5,5,5
"229",NA,"SizeSel_P1_Dockside(8)",NA,-1,-1,NA,NA,NA,NA,NA,NA,NA,NA,NA,NA,NA,NA,-1,NA
"230",NA,"SizeSel_P2_Dockside(8)",NA,-1,-1,NA,NA,NA,NA,NA,NA,NA,NA,NA,NA,NA,NA,-1,NA
"231",NA,"ln(DM_theta)_Len_P1",NA,NA,NA,NA,NA,NA,NA,NA,NA,NA,NA,NA,5.28011,NA,NA,NA,NA
"232",NA,"ln(DM_theta)_Len_P2",NA,NA,NA,NA,NA,NA,NA,NA,NA,NA,NA,NA,4.39555,NA,NA,NA,NA
"233",NA,"ln(DM_theta)_Len_P3",NA,NA,NA,NA,NA,NA,NA,NA,NA,NA,NA,NA,6.22878,NA,NA,NA,NA
"234",NA,"ln(DM_theta)_Len_P4",NA,NA,NA,NA,NA,NA,NA,NA,NA,NA,NA,NA,4.70596,NA,NA,NA,NA
"235",NA,"ln(DM_theta)_Len_P5",NA,NA,NA,NA,NA,NA,NA,NA,NA,NA,NA,NA,3.38711,NA,NA,NA,NA
"236",NA,"ln(DM_theta)_Len_P6",NA,NA,NA,NA,NA,NA,NA,NA,NA,NA,NA,NA,-2.46714,NA,NA,NA,NA
"237",NA,"ln(DM_theta)_Age_P7",NA,NA,NA,NA,NA,NA,NA,NA,NA,NA,NA,NA,7.08719,NA,NA,NA,NA
"238",NA,"ln(DM_theta)_Age_P8",NA,NA,NA,NA,NA,NA,NA,NA,NA,NA,NA,NA,7.37132,NA,NA,NA,NA
"239",NA,"ln(DM_theta)_Age_P9",NA,NA,NA,NA,NA,NA,NA,NA,NA,NA,NA,NA,7.76862,NA,NA,NA,NA
"240","Derived quantities",NA,NA,NA,NA,NA,NA,NA,NA,NA,NA,NA,NA,NA,NA,NA,NA,NA,NA
"241",NA,"SB0",943.875,936.348,951.52,951.722,898.499,950.487,907.665,900.106,952.586,943.03,948.857,1041.67,1068.02,955.403,1131.09,1125.94,1017.02
"242",NA,"SSB_2023",426.151,415.324,523.398,450.07,318.921,441.469,340.477,333.775,451.821,430.82,444.274,699.849,794.165,682.102,576.226,606.524,586.093
"243",NA,"Bratio_2023",0.451491,0.443557,0.550066,0.4729,0.354949,0.464466,0.375114,0.370818,0.474311,0.456847,0.46822,0.671853,0.743587,0.713942,0.509441,0.538684,0.576286
"244",NA,"MSY_SPR",275.884,273.547,276.043,278.161,263.095,277.877,265.741,263.252,278.414,275.652,277.335,262.169,268.416,281.875,329.964,325.793,287.473
"245",NA,"F_SPR",0.0483459,0.0483686,0.0486198,0.0483498,0.048316,0.0483362,0.0483151,0.0483564,0.0483488,0.0483519,0.0483505,0.0472716,0.0472367,0.0489755,0.0483618,0.048658,0.0475575
