"","Label","Type","00- Reference model","01- Est M","02- Lorenzen M","03- OR M","04- Sex = 3, Est M","05- fix growth Est M","06- fix growth","07- Est Lmin","08- fix t0=0","09- Est CVlts","10- bio mat ogive","11- Fxnal mat ogive","12- Fec = ltwt","13- No rec devs","14- Full rec devs","15- Domed sel est"
"1","AIC",NA,NA,NA,NA,NA,NA,NA,NA,NA,NA,NA,NA,NA,NA,NA,NA,NA
"2",NA,"AIC",7686.3,7676.5,7854.66,7708.74,6878.1,10436.3,10557.56,7717.48,7233.6,7287.96,7684.28,7685.56,7684.02,7822.22,7712.6,7695.04
"3",NA,"deltaAIC",0,-9.80000000000018,168.36,22.4399999999996,-808.2,2750,2871.26,31.1799999999994,-452.7,-398.34,-2.02000000000044,-0.739999999999782,-2.27999999999975,135.92,26.3000000000002,8.73999999999978
"4","Survey_likelihood",NA,NA,NA,NA,NA,NA,NA,NA,NA,NA,NA,NA,NA,NA,NA,NA,NA
"5",NA,"ALL",-13.5373,-6.5529,-10.2077,-22.6846,-17.521,-10.8264,-42.4344,-19.418,-27.5811,-17.3509,-17.3471,-14.2946,-15.3072,-6.42512,-16.3231,-16.8944
"6",NA,"Trawl",0,0,0,0,0,0,0,0,0,0,0,0,0,0,0,0
"7",NA,"NonTRWL",0,0,0,0,0,0,0,0,0,0,0,0,0,0,0,0
"8",NA,"Recreational",0,0,0,0,0,0,0,0,0,0,0,0,0,0,0,0
"9",NA,"Tagging",2.64678,4.74755,4.40143,0.210001,0.573488,8.10884,2.96093,0.251604,-0.836774,2.10687,1.01259,2.26833,1.84532,6.69651,1.5565,1.83507
"10",NA,"Nearshore_survey",-1.66355,-1.69126,-1.77238,-1.73684,-1.65105,-1.8171,-1.89394,-1.72058,-1.66348,-1.73062,-1.6935,-1.69914,-1.69302,-1.48944,-1.6925,-1.74659
"11",NA,"OCNMS",-0.346485,-0.112817,0.413604,-0.253657,-0.585321,0.815548,0.910377,-0.358752,-1.35706,-0.265114,-0.434737,-0.343088,-0.399982,-0.94601,-0.420572,-0.363133
"12",NA,"OCNMS_YOY",8.47686,8.54627,8.66665,8.45698,8.41031,9.10148,8.96198,8.57316,7.89593,8.4953,8.4895,8.49353,8.47616,8.21462,8.4304,8.51755
"13",NA,"Private_Boat",-12.2921,-8.08643,-11.0558,-18.3937,-14.2811,-12.9008,-38.9067,-15.6059,-20.7053,-14.9617,-14.2833,-12.6553,-13.1604,-9.23617,-13.709,-14.4539
"14",NA,"Charter",-10.3588,-9.95622,-10.8612,-10.9674,-9.9873,-14.1344,-14.467,-10.5576,-10.9145,-10.9957,-10.4377,-10.3589,-10.3753,-9.66462,-10.488,-10.6834
"15","Survey_lambda",NA,NA,NA,NA,NA,NA,NA,NA,NA,NA,NA,NA,NA,NA,NA,NA,NA
"16",NA,"ALL",NA,NA,NA,NA,NA,NA,NA,NA,NA,NA,NA,NA,NA,NA,NA,NA
"17",NA,"Trawl",0,0,0,0,0,0,0,0,0,0,0,0,0,0,0,0
"18",NA,"NonTRWL",0,0,0,0,0,0,0,0,0,0,0,0,0,0,0,0
"19",NA,"Recreational",0,0,0,0,0,0,0,0,0,0,0,0,0,0,0,0
"20",NA,"Tagging",0,0,0,0,0,0,0,0,0,0,0,0,0,0,0,0
"21",NA,"Nearshore_survey",0,0,0,0,0,0,0,0,0,0,0,0,0,0,0,0
"22",NA,"OCNMS",0,0,0,0,0,0,0,0,0,0,0,0,0,0,0,0
"23",NA,"OCNMS_YOY",1,1,1,1,1,1,1,1,1,1,1,1,1,1,1,1
"24",NA,"Private_Boat",1,1,1,1,1,1,1,1,1,1,1,1,1,1,1,1
"25",NA,"Charter",1,1,1,1,1,1,1,1,1,1,1,1,1,1,1,1
"26","Lt_likelihood",NA,NA,NA,NA,NA,NA,NA,NA,NA,NA,NA,NA,NA,NA,NA,NA,NA
"27",NA,"ALL",651.478,636.135,709.533,668.501,463.612,628.767,633.295,664.058,651.25,633.305,650.863,648.387,649.221,669.28,649.456,641.363
"28",NA,"Trawl",134.653,134.168,143.179,137.682,77.7109,94.5352,95.5813,134.274,109.701,133.889,134.795,134.649,134.771,141.493,134.672,133.494
"29",NA,"NonTRWL",56.1635,54.7624,61.3625,58.2083,32.0952,49.9146,49.7931,56.1591,51.2701,56.633,56.2591,56.1587,56.2091,57.835,56.3041,56.0184
"30",NA,"Recreational",329.717,321.125,373.068,343.189,225.141,337.42,341.182,331.381,353.875,320.294,331.396,329.997,330.578,338.021,330.702,328.67
"31",NA,"Tagging",19.3462,17.0403,21.9602,20.4125,19.6367,28.4269,27.9862,19.386,27.1401,15.7651,19.1846,18.9178,19.0037,17.5225,19.0699,14.6481
"32",NA,"Nearshore_survey",5.47608,2.49887,2.98933,2.72994,2.71386,6.44901,6.36754,16.9058,4.66185,2.0583,2.65133,2.65423,2.65596,3.30762,2.65381,1.96117
"33",NA,"OCNMS",106.122,106.541,106.975,106.279,106.314,112.02,112.385,105.952,104.602,104.665,106.576,106.01,106.003,111.101,106.055,106.572
"34",NA,"OCNMS_YOY",0,0,0,0,0,0,0,0,0,0,0,0,0,0,0,0
"35",NA,"Private_Boat",0,0,0,0,0,0,0,0,0,0,0,0,0,0,0,0
"36",NA,"Charter",0,0,0,0,0,0,0,0,0,0,0,0,0,0,0,0
"37","Lt_lambda",NA,NA,NA,NA,NA,NA,NA,NA,NA,NA,NA,NA,NA,NA,NA,NA,NA
"38",NA,"ALL",NA,NA,NA,NA,NA,NA,NA,NA,NA,NA,NA,NA,NA,NA,NA,NA
"39",NA,"Trawl",1,1,1,1,1,1,1,1,1,1,1,1,1,1,1,1
"40",NA,"NonTRWL",1,1,1,1,1,1,1,1,1,1,1,1,1,1,1,1
"41",NA,"Recreational",1,1,1,1,1,1,1,1,1,1,1,1,1,1,1,1
"42",NA,"Tagging",1,1,1,1,1,1,1,1,1,1,1,1,1,1,1,1
"43",NA,"Nearshore_survey",1,1,1,1,1,1,1,1,1,1,1,1,1,1,1,1
"44",NA,"OCNMS",1,1,1,1,1,1,1,1,1,1,1,1,1,1,1,1
"45",NA,"OCNMS_YOY",0,0,0,0,0,0,0,0,0,0,0,0,0,0,0,0
"46",NA,"Private_Boat",0,0,0,0,0,0,0,0,0,0,0,0,0,0,0,0
"47",NA,"Charter",0,0,0,0,0,0,0,0,0,0,0,0,0,0,0,0
"48","Age_likelihood",NA,NA,NA,NA,NA,NA,NA,NA,NA,NA,NA,NA,NA,NA,NA,NA,NA
"49",NA,"ALL",3093,3090.13,3110.6,3091.83,2877.78,4506.39,4608.69,3095.66,2888.83,2913.85,3092.94,3093.19,3092.75,3179.61,3090.95,3095.29
"50",NA,"Trawl",263.936,267.585,265.822,261.455,273.595,264.916,257.191,263.883,249.033,266.591,263.428,263.942,263.656,273.254,261.823,263.737
"51",NA,"NonTRWL",957.605,954.38,965.332,960.223,924.034,1306,1335.74,959.245,905.118,941.761,958.144,957.724,957.646,964.941,957.874,959.319
"52",NA,"Recreational",1871.46,1868.17,1879.45,1870.16,1680.15,2935.48,3015.76,1872.53,1734.68,1705.5,1871.37,1871.53,1871.45,1941.42,1871.25,1872.23
"53",NA,"Tagging",0,0,0,0,0,0,0,0,0,0,0,0,0,0,0,0
"54",NA,"Nearshore_survey",0,0,0,0,0,0,0,0,0,0,0,0,0,0,0,0
"55",NA,"OCNMS",0,0,0,0,0,0,0,0,0,0,0,0,0,0,0,0
"56",NA,"OCNMS_YOY",0,0,0,0,0,0,0,0,0,0,0,0,0,0,0,0
"57",NA,"Private_Boat",0,0,0,0,0,0,0,0,0,0,0,0,0,0,0,0
"58",NA,"Charter",0,0,0,0,0,0,0,0,0,0,0,0,0,0,0,0
"59","Age_lambda",NA,NA,NA,NA,NA,NA,NA,NA,NA,NA,NA,NA,NA,NA,NA,NA,NA
"60",NA,"ALL",NA,NA,NA,NA,NA,NA,NA,NA,NA,NA,NA,NA,NA,NA,NA,NA
"61",NA,"Trawl",1,1,1,1,1,1,1,1,1,1,1,1,1,1,1,1
"62",NA,"NonTRWL",1,1,1,1,1,1,1,1,1,1,1,1,1,1,1,1
"63",NA,"Recreational",1,1,1,1,1,1,1,1,1,1,1,1,1,1,1,1
"64",NA,"Tagging",0,0,0,0,0,0,0,0,0,0,0,0,0,0,0,0
"65",NA,"Nearshore_survey",0,0,0,0,0,0,0,0,0,0,0,0,0,0,0,0
"66",NA,"OCNMS",0,0,0,0,0,0,0,0,0,0,0,0,0,0,0,0
"67",NA,"OCNMS_YOY",0,0,0,0,0,0,0,0,0,0,0,0,0,0,0,0
"68",NA,"Private_Boat",0,0,0,0,0,0,0,0,0,0,0,0,0,0,0,0
"69",NA,"Charter",0,0,0,0,0,0,0,0,0,0,0,0,0,0,0,0
"70","Parameters",NA,NA,NA,NA,NA,NA,NA,NA,NA,NA,NA,NA,NA,NA,NA,NA,NA
"71",NA,"NatM_uniform_Fem_GP_1",0.17,0.156637,NA,0.19,0.15027,0.103906,0.17,0.17,0.17,0.17,0.17,0.17,0.17,0.17,0.17,0.17
"72",NA,"L_at_Amin_Fem_GP_1",0,0,0,0,0,0,0,0,0,0,0,0,0,0,0,0
"73",NA,"L_at_Amax_Fem_GP_1",52.7284,52.6767,52.7318,52.7613,52.6527,51.19,51.19,52.7396,51.991,52.5054,52.7312,52.7275,52.7303,52.7528,52.7327,52.7744
"74",NA,"VonBert_K_Fem_GP_1",0.117739,0.117781,0.117534,0.117526,0.118121,0.1513,0.1513,0.117826,0.164159,0.12213,0.11776,0.117756,0.117742,0.117222,0.117743,0.117713
"75",NA,"CV_young_Fem_GP_1",0.1,0.1,0.1,0.1,0.1,0.1,0.1,0.1,0.1,0.013652,0.1,0.1,0.1,0.1,0.1,0.1
"76",NA,"CV_old_Fem_GP_1",0.1,0.1,0.1,0.1,0.1,0.1,0.1,0.1,0.1,0.114407,0.1,0.1,0.1,0.1,0.1,0.1
"77",NA,"Wtlen_1_Fem_GP_1",5.24556e-05,5.24556e-05,5.24556e-05,5.24556e-05,5.24556e-05,5.24556e-05,5.24556e-05,5.24556e-05,5.24556e-05,5.24556e-05,5.24556e-05,5.24556e-05,5.24556e-05,5.24556e-05,5.24556e-05,5.24556e-05
"78",NA,"Wtlen_2_Fem_GP_1",2.72122,2.72122,2.72122,2.72122,2.72122,2.72122,2.72122,2.72122,2.72122,2.72122,2.72122,2.72122,2.72122,2.72122,2.72122,2.72122
"79",NA,"Mat50%_Fem_GP_1",40.36,40.36,40.36,40.36,40.36,40.36,40.36,40.36,40.36,40.36,34.38,40.36,40.36,40.36,40.36,40.36
"80",NA,"Mat_slope_Fem_GP_1",-0.380418,-0.380418,-0.380418,-0.380418,-0.380418,-0.380418,-0.380418,-0.380418,-0.380418,-0.380418,-0.31217,-0.380418,-0.380418,-0.380418,-0.380418,-0.380418
"81",NA,"Eggs_scalar_Fem_GP_1",1.41e-08,1.41e-08,1.41e-08,1.41e-08,1.41e-08,1.41e-08,1.41e-08,1.41e-08,1.41e-08,1.41e-08,1.41e-08,1.41e-08,5.24556e-05,1.41e-08,1.41e-08,1.41e-08
"82",NA,"Eggs_exp_len_Fem_GP_1",4.685,4.685,4.685,4.685,4.685,4.685,4.685,4.685,4.685,4.685,4.685,4.685,2.72122,4.685,4.685,4.685
"83",NA,"NatM_uniform_Mal_GP_1",0.152,0.124865,NA,0.17,0.163502,0.107699,0.152,0.152,0.152,0.152,0.152,0.152,0.152,0.152,0.152,0.152
"84",NA,"L_at_Amin_Mal_GP_1",3.66175,3.66175,3.66175,3.66175,3.66175,3.66175,3.66175,3.66175,0,3.66175,3.66175,3.66175,3.66175,3.66175,3.66175,3.66175
"85",NA,"L_at_Amax_Mal_GP_1",47.6527,47.6555,47.7276,47.6948,47.3236,47.26,47.26,47.6627,46.7863,47.9886,47.6449,47.6525,47.6527,47.6625,47.652,47.7021
"86",NA,"VonBert_K_Mal_GP_1",0.140352,0.141224,0.139574,0.139846,0.140473,0.1656,0.1656,0.140474,0.220684,0.146654,0.140453,0.140369,0.140352,0.139982,0.140354,0.140247
"87",NA,"CV_young_Mal_GP_1",0.1,0.1,0.1,0.1,0.1,0.1,0.1,0.1,0.1,0.102432,0.1,0.1,0.1,0.1,0.1,0.1
"88",NA,"CV_old_Mal_GP_1",0.1,0.1,0.1,0.1,0.1,0.1,0.1,0.1,0.1,0.0693183,0.1,0.1,0.1,0.1,0.1,0.1
"89",NA,"Wtlen_1_Mal_GP_1",2.47904e-05,2.47904e-05,2.47904e-05,2.47904e-05,2.47904e-05,2.47904e-05,2.47904e-05,2.47904e-05,2.47904e-05,2.47904e-05,2.47904e-05,2.47904e-05,2.47904e-05,2.47904e-05,2.47904e-05,2.47904e-05
"90",NA,"Wtlen_2_Mal_GP_1",2.91062,2.91062,2.91062,2.91062,2.91062,2.91062,2.91062,2.91062,2.91062,2.91062,2.91062,2.91062,2.91062,2.91062,2.91062,2.91062
"91",NA,"CohortGrowDev",1,1,1,1,1,1,1,1,1,1,1,1,1,1,1,1
"92",NA,"FracFemale_GP_1",0.5,0.5,0.5,0.5,0.5,0.5,0.5,0.5,0.5,0.5,0.5,0.5,0.5,0.5,0.5,0.5
"93",NA,"SR_LN(R0)",7.58041,7.25271,8.23364,7.89606,7.56008,6.68287,8.06525,7.62317,7.70395,7.58301,7.56353,7.58542,7.56735,7.42562,7.5557,7.60295
"94",NA,"SR_BH_steep",0.72,0.72,0.72,0.72,0.72,0.72,0.72,0.72,0.72,0.72,0.72,0.72,0.72,0.72,0.72,0.72
"95",NA,"SR_sigmaR",0.6,0.6,0.6,0.6,0.6,0.6,0.6,0.6,0.6,0.6,0.6,0.6,0.6,0.6,0.6,0.6
"96",NA,"SR_regime",0,0,0,0,0,0,0,0,0,0,0,0,0,0,0,0
"97",NA,"SR_autocorr",0,0,0,0,0,0,0,0,0,0,0,0,0,0,0,0
"98",NA,"Main_RecrDev_1956",-0.536315,-0.789978,-0.628597,-0.377646,-0.634726,-1.2148,-0.730301,-0.605467,-0.576349,-0.592063,-0.524725,-0.542963,-0.523254,NA,-0.343536,-0.572517
"99",NA,"Main_RecrDev_1957",-0.551425,-0.78778,-0.631771,-0.40518,-0.649369,-1.18911,-0.739258,-0.617833,-0.593737,-0.604879,-0.540151,-0.557814,-0.538565,NA,-0.379508,-0.586307
"100",NA,"Main_RecrDev_1958",-0.54804,-0.765089,-0.615339,-0.414737,-0.647291,-1.13905,-0.72924,-0.611464,-0.593657,-0.598386,-0.536561,-0.555075,-0.535424,NA,-0.396963,-0.581498
"101",NA,"Main_RecrDev_1959",-0.518203,-0.714847,-0.571514,-0.398155,-0.621797,-1.05744,-0.693437,-0.578626,-0.568762,-0.565447,-0.506108,-0.522305,-0.505837,NA,-0.3862,-0.550281
"102",NA,"Main_RecrDev_1960",-0.457396,-0.632908,-0.495543,-0.350941,-0.569045,-0.93999,-0.629146,-0.514888,-0.516009,-0.501691,-0.444307,-0.464738,-0.445215,NA,-0.342412,-0.48824
"103",NA,"Main_RecrDev_1961",-0.36713,-0.520841,-0.388198,-0.272647,-0.489959,-0.787993,-0.540847,-0.421839,-0.439143,-0.40702,-0.351887,-0.372346,-0.355001,NA,-0.267018,-0.396982
"104",NA,"Main_RecrDev_1962",-0.266772,-0.397613,-0.268229,-0.186692,-0.39996,-0.616178,-0.447154,-0.31892,-0.35542,-0.300733,-0.251458,-0.2754,-0.254494,NA,-0.179043,-0.295848
"105",NA,"Main_RecrDev_1963",-0.216925,-0.324623,-0.200646,-0.153437,-0.34955,-0.475517,-0.39071,-0.267065,-0.307608,-0.252233,-0.19957,-0.221373,-0.204408,NA,-0.13727,-0.24511
"106",NA,"Main_RecrDev_1964",-0.269236,-0.358557,-0.247431,-0.222814,-0.385749,-0.451112,-0.414129,-0.31864,-0.34164,-0.310806,-0.250989,-0.274131,-0.256678,NA,-0.191182,-0.296425
"107",NA,"Main_RecrDev_1965",-0.32989,-0.404897,-0.306301,-0.293766,-0.434085,-0.473641,-0.453182,-0.379034,-0.392023,-0.364585,-0.312424,-0.336579,-0.317254,NA,-0.252351,-0.356357
"108",NA,"Main_RecrDev_1966",-0.304847,-0.367345,-0.278232,-0.280422,-0.408514,-0.437561,-0.41754,-0.353616,-0.364383,-0.327572,-0.286995,-0.309364,-0.29209,NA,-0.229258,-0.330732
"109",NA,"Main_RecrDev_1967",-0.098775,-0.143608,-0.0623164,-0.0885149,-0.219181,-0.311088,-0.241555,-0.146582,-0.168378,-0.111602,-0.0806781,-0.105932,-0.0856584,NA,-0.0293639,-0.124449
"110",NA,"Main_RecrDev_1968",0.159552,0.167523,0.252224,0.142274,-0.00112094,0.489411,0.13882,0.117097,0.0898284,0.117065,0.180999,0.154765,0.173972,NA,0.210774,0.136097
"111",NA,"Main_RecrDev_1969",-0.134401,-0.153506,-0.0909134,-0.144449,-0.246321,-0.207793,-0.185719,-0.180241,-0.176366,-0.151766,-0.11943,-0.138837,-0.12179,NA,-0.0707532,-0.158207
"112",NA,"Main_RecrDev_1970",-0.163498,-0.165863,-0.112343,-0.188091,-0.273231,-0.247004,-0.243226,-0.208447,-0.226125,-0.18792,-0.148601,-0.170554,-0.151158,NA,-0.105561,-0.187093
"113",NA,"Main_RecrDev_1971",0.0243885,0.074851,0.118504,-0.0278678,-0.108992,0.457361,0.0314021,-0.0157467,-0.0532655,-0.00664804,0.0397395,0.0202466,0.0368694,NA,0.0643889,0.00329789
"114",NA,"Main_RecrDev_1972",-0.0677373,-0.0500003,-0.013658,-0.108348,-0.169881,0.00643238,-0.0535511,-0.110541,-0.138612,-0.0491796,-0.0556593,-0.0723015,-0.0568073,NA,-0.0169379,-0.0885034
"115",NA,"Main_RecrDev_1973",0.321545,0.380047,0.396681,0.256808,0.214224,0.51079,0.277661,0.28117,0.219021,0.322643,0.332482,0.315475,0.332009,NA,0.359055,0.301429
"116",NA,"Main_RecrDev_1974",0.394005,0.471915,0.49171,0.319306,0.290833,0.920546,0.530663,0.35855,0.328954,0.357937,0.404671,0.39033,0.403697,NA,0.42366,0.379616
"117",NA,"Main_RecrDev_1975",-0.239697,-0.207313,-0.209045,-0.293896,-0.307303,-0.27691,-0.29501,-0.28039,-0.265601,-0.181494,-0.232285,-0.245811,-0.231116,NA,-0.19417,-0.257121
"118",NA,"Main_RecrDev_1976",0.0395438,0.13299,0.143267,-0.044167,-0.0484094,0.539542,0.152405,0.0059914,-0.0856578,-0.00329113,0.0482889,0.0354668,0.0475256,NA,0.0644359,0.0259828
"119",NA,"Main_RecrDev_1977",-0.0723149,-0.00501407,-0.0114679,-0.14542,-0.146749,0.21264,-0.0153466,-0.108706,-0.217933,-0.0595671,-0.0666073,-0.0769346,-0.0656952,NA,-0.0378024,-0.0872935
"120",NA,"Main_RecrDev_1978",0.379581,0.47697,0.458561,0.290726,0.321366,0.739439,0.406517,0.346586,0.23755,0.393571,0.383815,0.375069,0.384974,NA,0.40414,0.366744
"121",NA,"Main_RecrDev_1979",0.0782303,0.166951,0.145274,-0.00507263,0.0465427,0.431291,0.141472,0.0460089,-0.0438516,0.0951294,0.0808884,0.0741738,0.0826752,NA,0.106117,0.0666287
"122",NA,"Main_RecrDev_1980",-0.0990155,-0.00570639,-0.0404379,-0.185021,-0.077177,0.167006,-0.121487,-0.131109,-0.225748,-0.0890428,-0.0973227,-0.10383,-0.0955128,NA,-0.0725821,-0.110742
"123",NA,"Main_RecrDev_1981",-0.0246994,0.0737102,0.0397969,-0.110576,-0.00369857,0.270858,-0.0217159,-0.053951,-0.128826,-0.00320692,-0.0237491,-0.0285757,-0.0227074,NA,-0.000806268,-0.0339822
"124",NA,"Main_RecrDev_1982",-0.251866,-0.162527,-0.203362,-0.331842,-0.283811,-0.0259092,-0.273128,-0.280904,-0.417618,-0.202929,-0.255554,-0.256176,-0.252858,NA,-0.224086,-0.260919
"125",NA,"Main_RecrDev_1983",0.286709,0.387411,0.346392,0.203124,0.35972,0.605459,0.338317,0.262346,0.226559,0.294081,0.277703,0.283011,0.281938,NA,0.308665,0.280893
"126",NA,"Main_RecrDev_1984",-0.0753059,0.0109026,-0.0174201,-0.146169,-0.0779702,0.233989,0.0340178,-0.0989741,-0.186356,-0.0191546,-0.0874721,-0.0792021,-0.0818953,NA,-0.0488791,-0.0803587
"127",NA,"Main_RecrDev_1985",0.163331,0.257553,0.207487,0.0885489,0.253444,0.508916,0.31423,0.142777,0.0500592,0.177327,0.147833,0.159673,0.154143,NA,0.185589,0.159932
"128",NA,"Main_RecrDev_1986",-0.161471,-0.0789673,-0.120583,-0.226315,-0.0921044,0.101513,-0.0422085,-0.181544,-0.348275,-0.113035,-0.179966,-0.165492,-0.172744,NA,-0.136193,-0.165131
"129",NA,"Main_RecrDev_1987",0.134824,0.220074,0.176528,0.0711108,0.185663,0.363003,0.225285,0.117921,0.111542,0.13579,0.110145,0.130992,0.119613,NA,0.157081,0.131639
"130",NA,"Main_RecrDev_1988",-0.21144,-0.138591,-0.180602,-0.266325,-0.144412,-0.069463,-0.175411,-0.226828,-0.213097,-0.182082,-0.244122,-0.214846,-0.23024,NA,-0.18571,-0.215209
"131",NA,"Main_RecrDev_1989",0.302424,0.375197,0.341191,0.251685,0.370614,0.431155,0.334416,0.291526,0.314776,0.313705,0.262962,0.299046,0.280305,NA,0.325057,0.298865
"132",NA,"Main_RecrDev_1990",0.126769,0.193039,0.157958,0.0815061,0.185979,0.397171,0.337911,0.119147,0.141399,0.139603,0.0792499,0.123715,0.101055,NA,0.151276,0.122606
"133",NA,"Main_RecrDev_1991",-0.0874422,-0.0247556,-0.0521286,-0.12859,-0.0358661,0.128896,0.0884304,-0.0920565,-0.109535,-0.10068,-0.143426,-0.0894656,-0.117229,NA,-0.0619246,-0.0914669
"134",NA,"Main_RecrDev_1992",-0.19516,-0.135285,-0.158882,-0.233928,-0.120867,0.0439061,0.0169026,-0.197252,-0.223788,-0.191893,-0.255174,-0.196123,-0.227239,NA,-0.168014,-0.197458
"135",NA,"Main_RecrDev_1993",-0.0684469,-0.00544357,-0.0331383,-0.107579,-0.0172589,0.109924,0.0915425,-0.068568,-0.148525,-0.0769533,-0.13116,-0.068263,-0.10192,NA,-0.0402738,-0.0694583
"136",NA,"Main_RecrDev_1994",0.268416,0.335233,0.303615,0.227793,0.317206,0.423813,0.401442,0.270665,0.246023,0.256986,0.203863,0.269074,0.234397,NA,0.296903,0.269326
"137",NA,"Main_RecrDev_1995",0.214356,0.288343,0.249543,0.167603,0.263589,0.318595,0.283524,0.217681,0.174537,0.197249,0.142202,0.216509,0.176851,NA,0.242619,0.215077
"138",NA,"Main_RecrDev_1996",-0.238218,-0.169629,-0.212236,-0.282114,-0.192361,-0.221793,-0.247936,-0.235657,-0.277732,-0.24953,-0.303918,-0.237538,-0.273616,NA,-0.206388,-0.238067
"139",NA,"Main_RecrDev_1997",0.0832684,0.155828,0.109516,0.0398446,0.139285,0.100207,0.0638146,0.0906507,0.106337,0.0670699,0.0246861,0.0849946,0.0494935,NA,0.113219,0.0855966
"140",NA,"Main_RecrDev_1998",0.099343,0.165626,0.1285,0.0659587,0.147802,0.160263,0.138527,0.111643,0.0352218,0.098117,0.0530385,0.101455,0.0710141,NA,0.132737,0.104751
"141",NA,"Main_RecrDev_1999",0.264706,0.324689,0.289707,0.238218,0.327789,0.331982,0.320884,0.281825,0.325113,0.252885,0.224523,0.267616,0.240007,NA,0.300423,0.272784
"142",NA,"Main_RecrDev_2000",0.471466,0.52868,0.494637,0.453753,0.52805,0.590814,0.592608,0.497366,0.401008,0.461281,0.439943,0.47513,0.45104,NA,0.508218,0.483781
"143",NA,"Main_RecrDev_2001",-0.324113,-0.285617,-0.311912,-0.327107,-0.255254,-0.187049,-0.151652,-0.29377,-0.308619,-0.323987,-0.344134,-0.320064,-0.338451,NA,-0.280187,-0.309851
"144",NA,"Main_RecrDev_2002",-0.4781,-0.447004,-0.477655,-0.473758,-0.406448,-0.522337,-0.461464,-0.443992,-0.437639,-0.475995,-0.489267,-0.47316,-0.488206,NA,-0.431192,-0.463023
"145",NA,"Main_RecrDev_2003",0.194557,0.226216,0.194124,0.205804,0.241528,0.161438,0.224858,0.242372,0.285993,0.212869,0.19099,0.200862,0.188157,NA,0.241679,0.215795
"146",NA,"Main_RecrDev_2004",0.106501,0.128274,0.0997497,0.129449,0.183802,0.226777,0.315684,0.166035,0.17851,0.102393,0.112294,0.115364,0.105918,NA,0.160495,0.134397
"147",NA,"Main_RecrDev_2005",0.0263653,0.044577,0.00128951,0.0538872,0.0603575,0.0372976,0.147612,0.0923629,0.199899,0.0902607,0.0375452,0.0370444,0.0291866,NA,0.085775,0.0573196
"148",NA,"Main_RecrDev_2006",0.4871,0.499677,0.462335,0.524698,0.522195,0.62461,0.726754,0.572494,0.601462,0.507651,0.506882,0.500669,0.493082,NA,0.550538,0.527404
"149",NA,"Main_RecrDev_2007",0.498072,0.498752,0.467521,0.54718,0.602365,0.632395,0.753683,0.596556,0.616206,0.540752,0.529568,0.514491,0.508415,NA,0.569302,0.544131
"150",NA,"Main_RecrDev_2008",0.632684,0.625997,0.580732,0.687347,0.701322,0.758121,0.881014,0.745585,0.801568,0.668494,0.673772,0.649963,0.646806,NA,0.70794,0.684227
"151",NA,"Main_RecrDev_2009",0.38413,0.355043,0.324406,0.457107,0.499861,0.521083,0.666545,0.516993,0.499177,0.432609,0.440565,0.405092,0.405932,NA,0.468389,0.444608
"152",NA,"Main_RecrDev_2010",0.278362,0.239551,0.195821,0.354881,0.355883,0.243639,0.40578,0.416026,0.46426,0.321706,0.337516,0.298585,0.303304,NA,0.367337,0.34024
"153",NA,"Main_RecrDev_2011",0.804949,0.751297,0.71205,0.893137,0.916552,0.752914,0.925598,0.963825,0.949739,0.859164,0.872393,0.82791,0.83434,NA,0.898358,0.875899
"154",NA,"Main_RecrDev_2012",0.489785,0.426059,0.374849,0.577023,0.598102,0.356064,0.546483,0.647717,0.63004,0.522249,0.556945,0.510571,0.518811,NA,0.585671,0.560531
"155",NA,"Main_RecrDev_2013",0.42241,0.352778,0.287728,0.50516,0.535394,0.115851,0.308856,0.577576,0.621425,0.466075,0.489404,0.439767,0.448406,NA,0.516549,0.4932
"156",NA,"Main_RecrDev_2014",0.153627,0.0801845,-0.00814784,0.22098,0.268866,-0.23234,-0.043115,0.272049,0.288489,0.194704,0.208133,0.163066,0.171394,NA,0.241236,0.209896
"157",NA,"Main_RecrDev_2015",-0.169052,-0.240514,-0.354575,-0.119352,-0.0731005,-0.646809,-0.465174,-0.10617,-0.0362709,-0.183289,-0.131443,-0.168179,-0.159109,NA,-0.089014,-0.133403
"158",NA,"Main_RecrDev_2016",-0.11658,-0.191495,-0.339355,-0.0851077,-0.0170703,-0.764893,-0.601265,-0.145945,0.385633,-0.141307,-0.121497,-0.127203,-0.11667,NA,-0.0472796,-0.128396
"159",NA,"Main_RecrDev_2017",-0.64749,-0.74062,-0.909718,-0.628869,-0.529702,-1.52934,-1.33975,-0.773777,-0.0437814,-0.669399,-0.6764,-0.669549,-0.65649,NA,-0.575087,-0.692264
"160",NA,"Late_RecrDev_2018",0,0,0,0,0,0,0,0,0,0,0,0,0,NA,0,0
"161",NA,"Late_RecrDev_2019",0,0,0,0,0,0,0,0,0,0,0,0,0,NA,0,0
"162",NA,"Late_RecrDev_2020",0,0,0,0,0,0,0,0,0,0,0,0,0,NA,0,0
"163",NA,"Late_RecrDev_2021",0,0,0,0,0,0,0,0,0,0,0,0,0,NA,0,0
"164",NA,"Late_RecrDev_2022",0,0,0,0,0,0,0,0,0,0,0,0,0,NA,0,0
"165",NA,"ForeRecr_2023",0,0,0,0,0,0,0,0,0,0,0,0,0,NA,0,0
"166",NA,"InitF_seas_1_flt_1Trawl",1e-20,1e-20,1e-20,1e-20,1e-20,1e-20,1e-20,1e-20,1e-20,1e-20,1e-20,1e-20,1e-20,1e-20,1e-20,1e-20
"167",NA,"InitF_seas_1_flt_2NonTRWL",1e-20,1e-20,1e-20,1e-20,1e-20,1e-20,1e-20,1e-20,1e-20,1e-20,1e-20,1e-20,1e-20,1e-20,1e-20,1e-20
"168",NA,"InitF_seas_1_flt_3Recreational",1e-20,1e-20,1e-20,1e-20,1e-20,1e-20,1e-20,1e-20,1e-20,1e-20,1e-20,1e-20,1e-20,1e-20,1e-20,1e-20
"169",NA,"LnQ_base_Tagging(4)",-5.59542,-5.39614,-5.58872,-5.8153,-5.49907,-6.10384,-7.37823,-5.65648,-6.03556,-5.7073,-5.61705,-5.58413,-5.59286,-5.53073,-5.60421,-5.50484
"170",NA,"LnQ_base_Nearshore_survey(5)",-6.66945,-6.42167,-6.56162,-7.13121,-6.80234,-6.7417,-8.23208,-7.35785,-7.45719,-6.96478,-6.94159,-6.80021,-6.84399,-6.14859,-6.87936,-6.80264
"171",NA,"Q_extraSD_Nearshore_survey(5)",0.119925,0.117547,0.109751,0.113193,0.121384,0.106285,0.0987571,0.115825,0.120459,0.113728,0.117328,0.116797,0.117346,0.13839,0.117371,0.111989
"172",NA,"LnQ_base_OCNMS(6)",-7.38641,-7.03142,-7.26429,-7.7623,-7.41404,-7.11593,-8.62673,-7.63832,-7.78304,-7.53071,-7.5622,-7.41757,-7.45443,-6.94318,-7.48364,-7.53371
"173",NA,"LnQ_base_OCNMS_YOY(7)",-6.5593,-6.1122,-7.08316,-6.96729,-6.5482,-5.36726,-7.00795,-6.63304,-6.95649,-6.58436,-6.62532,-6.56618,-6.5935,-6.51137,-6.59505,-6.60472
"174",NA,"Q_extraSD_OCNMS_YOY(7)",1.80083,1.82145,1.85777,1.79445,1.78107,1.99304,1.9484,1.82875,1.63696,1.80633,1.80436,1.805,1.80059,1.72398,1.78693,1.81256
"175",NA,"LnQ_base_Private_Boat(8)",-6.24349,-6.09304,-6.25794,-6.44239,-6.13016,-6.76409,-7.91661,-6.3103,-6.70462,-6.34551,-6.27702,-6.2506,-6.2574,-6.16836,-6.26585,-6.28489
"176",NA,"Q_extraSD_Private_Boat(8)",0.376871,0.430879,0.392626,0.309015,0.353122,0.372144,0.155084,0.338342,0.286145,0.345989,0.353236,0.372412,0.366378,0.416073,0.359969,0.351489
"177",NA,"LnQ_base_Charter(9)",-5.73231,-5.64806,-5.76721,-5.84265,-5.58529,-6.25528,-7.15381,-5.74837,-6.0667,-5.79729,-5.73534,-5.73395,-5.73302,-5.6883,-5.73367,-5.74248
"178",NA,"Q_extraSD_Charter(9)",0.138742,0.147158,0.129323,0.12674,0.144913,0.0765816,0.080938,0.13473,0.128387,0.12625,0.137152,0.138716,0.138405,0.150636,0.136294,0.132407
"179",NA,"Size_DblN_peak_Trawl(1)",50.0229,50.1034,49.6743,49.8984,50.1857,50.0657,49.7819,50.0083,49.5504,50.8984,50.0232,50.0221,50.0229,49.9455,50.0495,50.0026
"180",NA,"Size_DblN_top_logit_Trawl(1)",0.809232,0.65177,0.922797,0.866285,2.01369,-0.58173,-0.521305,0.78947,-0.411784,-0.170121,0.818662,0.808286,0.815329,0.818781,0.860738,0.788789
"181",NA,"Size_DblN_ascend_se_Trawl(1)",3.4629,3.48592,3.40622,3.43867,3.45844,3.67868,3.62831,3.46276,3.58842,3.54964,3.46241,3.46295,3.46256,3.44565,3.46523,3.46361
"182",NA,"Size_DblN_descend_se_Trawl(1)",2.2,2.2,2.2,2.2,2.2,2.2,2.2,2.2,2.2,2.2,2.2,2.2,2.2,2.2,2.2,2.2
"183",NA,"Size_DblN_start_logit_Trawl(1)",-5,-5,-5,-5,-5,-5,-5,-5,-5,-5,-5,-5,-5,-5,-5,-5
"184",NA,"Size_DblN_end_logit_Trawl(1)",5,5,5,5,5,5,5,5,5,5,5,5,5,5,5,5
"185",NA,"Size_DblN_peak_NonTRWL(2)",48.8261,49.0319,48.1066,48.5338,49.2714,49.3137,47.2101,48.8124,46.7707,50.0845,48.8172,48.8201,48.82,48.9601,48.8,48.8188
"186",NA,"Size_DblN_top_logit_NonTRWL(2)",1.95482,-0.869773,2.09372,-0.543346,2.04107,2.05484,-1.44031,1.96745,-1.0281,1.95986,-0.688,-0.699751,-0.800634,2.04318,-0.817994,0.116222
"187",NA,"Size_DblN_ascend_se_NonTRWL(2)",4.30249,4.34255,4.19891,4.25692,4.30114,4.69227,4.44732,4.30246,4.38346,4.4121,4.30097,4.3018,4.30153,4.3028,4.29989,4.3055
"188",NA,"Size_DblN_descend_se_NonTRWL(2)",3,3,3,3,3,3,3,3,3,3,3,3,3,3,3,-4.5
"189",NA,"Size_DblN_start_logit_NonTRWL(2)",-4,-4,-4,-4,-4,-4,-4,-4,-4,-4,-4,-4,-4,-4,-4,-4
"190",NA,"Size_DblN_end_logit_NonTRWL(2)",5,5,5,5,5,5,5,5,5,5,5,5,5,5,5,2.13582
"191",NA,"Size_DblN_peak_Recreational(3)",43.512,43.5666,43.3207,43.4196,43.9472,41.8658,41.2755,43.4598,41.5977,43.8476,43.487,43.5032,43.4977,43.6043,43.4905,43.4899
"192",NA,"Size_DblN_top_logit_Recreational(3)",-2.57276,2.48647,2.52811,-2.44754,2.48553,2.63541,-8.87761,2.50272,2.62226,2.50171,2.517,2.501,2.49888,2.50878,2.4958,-1.47548
"193",NA,"Size_DblN_ascend_se_Recreational(3)",3.65524,3.68292,3.5918,3.62887,3.75638,3.72508,3.59766,3.65214,3.59622,3.74009,3.65191,3.65458,3.6532,3.65001,3.65272,3.65758
"194",NA,"Size_DblN_descend_se_Recreational(3)",3,3,3,3,3,3,3,3,3,3,3,3,3,3,3,-4.5
"195",NA,"Size_DblN_start_logit_Recreational(3)",-4,-4,-4,-4,-4,-4,-4,-4,-4,-4,-4,-4,-4,-4,-4,-4
"196",NA,"Size_DblN_end_logit_Recreational(3)",5,5,5,5,5,5,5,5,5,5,5,5,5,5,5,2.25162
"197",NA,"Size_DblN_peak_Tagging(4)",41.904,41.8165,41.5768,41.6087,41.7349,40.0046,40.0334,41.649,40.2998,41.8796,41.684,41.7064,41.6995,41.8462,41.6904,42.1469
"198",NA,"Size_DblN_top_logit_Tagging(4)",-5.33963,-4.23623,-3.21849,-3.27232,-3.555,-3.38165,-3.39516,-3.6255,-3.55024,-4.0746,-3.64872,-3.70655,-3.68659,-4.18599,-3.67418,-3.40016
"199",NA,"Size_DblN_ascend_se_Tagging(4)",3.50492,3.39559,3.3039,3.32177,3.34102,3.38458,3.34125,3.34248,3.35328,3.41558,3.34698,3.3534,3.35103,3.41918,3.34955,3.4156
"200",NA,"Size_DblN_descend_se_Tagging(4)",2.2,2.2,2.2,2.2,2.2,2.2,2.2,2.2,2.2,2.2,2.2,2.2,2.2,2.2,2.2,2.94591
"201",NA,"Size_DblN_start_logit_Tagging(4)",-4,-4,-4,-4,-4,-4,-4,-4,-4,-4,-4,-4,-4,-4,-4,-4
"202",NA,"Size_DblN_end_logit_Tagging(4)",5,5,5,5,5,5,5,5,5,5,5,5,5,5,5,-1.70231
"203",NA,"SizeSel_P1_Nearshore_survey(5)",-1,NA,NA,NA,NA,NA,NA,NA,NA,NA,NA,NA,NA,NA,NA,NA
"204",NA,"SizeSel_P2_Nearshore_survey(5)",-1,NA,NA,NA,NA,NA,NA,NA,NA,NA,NA,NA,NA,NA,NA,NA
"205",NA,"Size_DblN_peak_OCNMS(6)",26.6504,26.307,28.3882,26.7048,26.6115,14.6966,15.004,10.7422,24.8244,26.0974,13.0434,26.5727,26.5459,28.884,26.446,10.7407
"206",NA,"Size_DblN_top_logit_OCNMS(6)",1.03612,0.752575,3.18402,3.23559,3.52173,1.66826,1.66174,3.88766,1.75854,3.56158,2.78443,3.5183,3.51561,3.12764,3.24189,1.70661
"207",NA,"Size_DblN_ascend_se_OCNMS(6)",3.58539,3.58539,3.58539,3.58539,3.58539,3.58539,3.58539,3.58539,3.58539,3.58539,3.58539,3.58539,3.58539,3.58539,3.58539,3.58539
"208",NA,"Size_DblN_descend_se_OCNMS(6)",1.32143,-4.5684,-4.48939,-4.49638,-4.49983,-4.50804,-4.50864,-4.49976,-4.48637,-4.50081,-4.49829,-4.49988,-4.50082,-4.32132,-4.50882,-4.49992
"209",NA,"Size_DblN_start_logit_OCNMS(6)",-15,-15,-15,-15,-15,-15,-15,-15,-15,-15,-15,-15,-15,-15,-15,-15
"210",NA,"Size_DblN_end_logit_OCNMS(6)",-15,-15,-15,-15,-15,-15,-15,-15,-15,-15,-15,-15,-15,-15,-15,-0.149633
"211",NA,"SizeSel_P1_Private_Boat(8)",-1,-1,-1,-1,-1,-1,-1,-1,-1,-1,-1,-1,-1,-1,-1,-1
"212",NA,"SizeSel_P2_Private_Boat(8)",-1,-1,-1,-1,-1,-1,-1,-1,-1,-1,-1,-1,-1,-1,-1,-1
"213",NA,"SizeSel_P1_Charter(9)",-1,-1,-1,-1,-1,-1,-1,-1,-1,-1,-1,-1,-1,-1,-1,-1
"214",NA,"SizeSel_P2_Charter(9)",-1,-1,-1,-1,-1,-1,-1,-1,-1,-1,-1,-1,-1,-1,-1,-1
"215",NA,"Size_DblN_peak_Nearshore_survey(5)",NA,42.4607,42.0154,42.3012,42.6192,37.0995,36.8366,26.8485,39.9175,42.0559,42.3627,42.3673,42.3693,43.2146,42.4089,42.9573
"216",NA,"Size_DblN_top_logit_Nearshore_survey(5)",NA,-6.20989,-5.87128,-7.06823,-6.2458,-2.00935,-1.94217,0.0297244,-3.6803,-6.02818,-6.64072,-6.86005,-6.22219,-7.63417,-6.24941,-1.37563
"217",NA,"Size_DblN_ascend_se_Nearshore_survey(5)",NA,4.20448,4.061,4.17879,4.21085,3.64013,3.61778,-0.135614,4.12816,4.23161,4.21354,4.18836,4.19196,4.01775,4.20786,4.26886
"218",NA,"Size_DblN_descend_se_Nearshore_survey(5)",NA,2.2,2.2,2.2,2.2,2.2,2.2,2.2,2.2,2.2,2.2,2.2,2.2,2.2,2.2,-4.50396
"219",NA,"Size_DblN_start_logit_Nearshore_survey(5)",NA,-4,-4,-4,-4,-4,-4,-4,-4,-4,-4,-4,-4,-4,-4,-4
"220",NA,"Size_DblN_end_logit_Nearshore_survey(5)",NA,5,5,5,5,5,5,5,5,5,5,5,5,5,5,-0.774724
"221",NA,"NatM_Lorenzen_Fem_GP_1",NA,NA,0.17,NA,NA,NA,NA,NA,NA,NA,NA,NA,NA,NA,NA,NA
"222",NA,"NatM_Lorenzen_Mal_GP_1",NA,NA,0.152,NA,NA,NA,NA,NA,NA,NA,NA,NA,NA,NA,NA,NA
"223",NA,"ForeRecr_2024",NA,NA,NA,0,NA,NA,NA,NA,NA,NA,NA,NA,NA,NA,NA,NA
"224",NA,"ForeRecr_2025",NA,NA,NA,0,NA,NA,NA,NA,NA,NA,NA,NA,NA,NA,NA,NA
"225",NA,"ForeRecr_2026",NA,NA,NA,0,NA,NA,NA,NA,NA,NA,NA,NA,NA,NA,NA,NA
"226",NA,"ForeRecr_2027",NA,NA,NA,0,NA,NA,NA,NA,NA,NA,NA,NA,NA,NA,NA,NA
"227",NA,"ForeRecr_2028",NA,NA,NA,0,NA,NA,NA,NA,NA,NA,NA,NA,NA,NA,NA,NA
"228",NA,"ForeRecr_2029",NA,NA,NA,0,NA,NA,NA,NA,NA,NA,NA,NA,NA,NA,NA,NA
"229",NA,"ForeRecr_2030",NA,NA,NA,0,NA,NA,NA,NA,NA,NA,NA,NA,NA,NA,NA,NA
"230",NA,"ForeRecr_2031",NA,NA,NA,0,NA,NA,NA,NA,NA,NA,NA,NA,NA,NA,NA,NA
"231",NA,"ForeRecr_2032",NA,NA,NA,0,NA,NA,NA,NA,NA,NA,NA,NA,NA,NA,NA,NA
"232",NA,"ForeRecr_2033",NA,NA,NA,0,NA,NA,NA,NA,NA,NA,NA,NA,NA,NA,NA,NA
"233",NA,"ForeRecr_2034",NA,NA,NA,0,NA,NA,NA,NA,NA,NA,NA,NA,NA,NA,NA,NA
"234",NA,"Main_RecrDev_1940",NA,NA,NA,NA,NA,NA,NA,NA,NA,NA,NA,NA,NA,NA,-0.181603,NA
"235",NA,"Main_RecrDev_1941",NA,NA,NA,NA,NA,NA,NA,NA,NA,NA,NA,NA,NA,NA,-0.189128,NA
"236",NA,"Main_RecrDev_1942",NA,NA,NA,NA,NA,NA,NA,NA,NA,NA,NA,NA,NA,NA,-0.196767,NA
"237",NA,"Main_RecrDev_1943",NA,NA,NA,NA,NA,NA,NA,NA,NA,NA,NA,NA,NA,NA,-0.204888,NA
"238",NA,"Main_RecrDev_1944",NA,NA,NA,NA,NA,NA,NA,NA,NA,NA,NA,NA,NA,NA,-0.21208,NA
"239",NA,"Main_RecrDev_1945",NA,NA,NA,NA,NA,NA,NA,NA,NA,NA,NA,NA,NA,NA,-0.218402,NA
"240",NA,"Main_RecrDev_1946",NA,NA,NA,NA,NA,NA,NA,NA,NA,NA,NA,NA,NA,NA,-0.224085,NA
"241",NA,"Main_RecrDev_1947",NA,NA,NA,NA,NA,NA,NA,NA,NA,NA,NA,NA,NA,NA,-0.228065,NA
"242",NA,"Main_RecrDev_1948",NA,NA,NA,NA,NA,NA,NA,NA,NA,NA,NA,NA,NA,NA,-0.229575,NA
"243",NA,"Main_RecrDev_1949",NA,NA,NA,NA,NA,NA,NA,NA,NA,NA,NA,NA,NA,NA,-0.229496,NA
"244",NA,"Main_RecrDev_1950",NA,NA,NA,NA,NA,NA,NA,NA,NA,NA,NA,NA,NA,NA,-0.229194,NA
"245",NA,"Main_RecrDev_1951",NA,NA,NA,NA,NA,NA,NA,NA,NA,NA,NA,NA,NA,NA,-0.230113,NA
"246",NA,"Main_RecrDev_1952",NA,NA,NA,NA,NA,NA,NA,NA,NA,NA,NA,NA,NA,NA,-0.234263,NA
"247",NA,"Main_RecrDev_1953",NA,NA,NA,NA,NA,NA,NA,NA,NA,NA,NA,NA,NA,NA,-0.244828,NA
"248",NA,"Main_RecrDev_1954",NA,NA,NA,NA,NA,NA,NA,NA,NA,NA,NA,NA,NA,NA,-0.266825,NA
"249",NA,"Main_RecrDev_1955",NA,NA,NA,NA,NA,NA,NA,NA,NA,NA,NA,NA,NA,NA,-0.301371,NA
"250","Derived quantities",NA,NA,NA,NA,NA,NA,NA,NA,NA,NA,NA,NA,NA,NA,NA,NA,NA
"251",NA,"SB0",943.875,851.568,788.082,932.281,1301.23,1630.93,2127.62,988.227,1250.61,982.032,1260.1,948.822,1751.07,802.936,921.438,970.705
"252",NA,"SSB_2023",426.151,273.294,284.646,603.693,550.671,542.449,2090.37,568.205,931.056,510.418,747.552,442.423,940.587,234.634,481.65,498.549
"253",NA,"Bratio_2023",0.451491,0.320931,0.361188,0.647544,0.423192,0.332602,0.98249,0.574975,0.744483,0.519757,0.593247,0.466287,0.537149,0.29222,0.522715,0.513595
"254",NA,"MSY_SPR",275.884,245.938,251.82,325.147,262.622,214.531,583.663,288.501,336.956,286.247,314.366,277.323,295.857,235.308,269.169,282.805
"255",NA,"F_SPR",0.0483459,0.0489859,0.0407037,0.0494047,0.0442282,0.0445759,0.0557412,0.0483928,0.0605532,0.0483005,0.059669,0.0483488,0.0543277,0.0482234,0.0483444,0.0484426
